--------- beginning of system
04-21 18:16:08.921   176   205 D vold    : Remounting 10096 as mode default
04-21 18:16:08.929   176  1214 D vold    : Remounting 10049 as mode full
04-21 18:16:08.933   176  1210 D vold    : Remounting 10049 as mode full
04-21 18:16:08.943   176   187 D vold    : Remounting 10106 as mode default
04-21 18:16:08.947   176   189 D vold    : Remounting 10106 as mode default
04-21 18:16:08.954   491   491 I chatty  : uid=1000 system_server expire 52 lines
04-21 18:16:08.985   491   514 I chatty  : uid=1000(system) android.display expire 2 lines
04-21 18:16:08.986   491   515 I chatty  : uid=1000(system) android.anim expire 1 line
04-21 18:16:09.009   491   513 I chatty  : uid=1000(system) android.io expire 1 line
04-21 18:16:09.027   491   521 I chatty  : uid=1000(system) ActivityManager expire 3 lines
04-21 18:16:09.062   491   621 I chatty  : uid=1000(system) StorageManagerS expire 1 line
04-21 18:16:09.078   491  1187 I chatty  : uid=1000(system) AudioService expire 2 lines
04-21 18:16:09.138   236   236 I android.hardware.wifi@1.0-service.legacy: Wifi HAL started
04-21 18:16:09.236   491   509 I chatty  : uid=1000(system) Binder:491_2 expire 7 lines
04-21 18:16:09.265   491   508 I chatty  : uid=1000(system) Binder:491_1 expire 7 lines
04-21 18:16:09.396   491  1333 I chatty  : uid=1000(system) Binder:491_4 expire 10 lines
04-21 18:16:09.400   491  1301 I chatty  : uid=1000(system) Binder:491_3 expire 11 lines
04-21 18:16:09.445   491  1334 I chatty  : uid=1000(system) Binder:491_5 expire 12 lines
04-21 18:16:09.522  1239  1239 D SystemUIBootTiming: DependencyInjection took to complete: 87ms
04-21 18:16:09.544  1239  1239 D SystemUIBootTiming: StartServicescom.android.systemui.util.NotificationChannels took to complete: 13ms
04-21 18:16:09.551  1239  1239 D SystemUIBootTiming: StartServicescom.android.systemui.statusbar.CommandQueue$CommandQueueStart took to complete: 6ms
04-21 18:16:09.838  1239  1239 D SystemUIBootTiming: StartServicescom.android.systemui.keyguard.KeyguardViewMediator took to complete: 287ms
04-21 18:16:09.861  1239  1239 D SystemUIBootTiming: StartServicescom.android.systemui.recents.Recents took to complete: 23ms
04-21 18:16:09.943   176   205 D vold    : Remounting 10106 as mode default
04-21 18:16:09.969   176  1214 D vold    : Remounting 10106 as mode default
04-21 18:16:10.032   176  1210 D vold    : Remounting 10093 as mode write
04-21 18:16:10.040   176   187 D vold    : Remounting 1000 as mode full
04-21 18:16:10.045   176   187 D vold    : Found matching PID 167
04-21 18:16:10.045   176   187 W vold    : Skipping due to root namespace
04-21 18:16:10.045   176   187 D vold    : Found matching PID 168
04-21 18:16:10.045   176   187 W vold    : Skipping due to root namespace
04-21 18:16:10.046   176   187 D vold    : Found matching PID 169
04-21 18:16:10.046   176   187 W vold    : Skipping due to root namespace
04-21 18:16:10.047   176   187 D vold    : Found matching PID 191
04-21 18:16:10.047   176   187 W vold    : Skipping due to root namespace
04-21 18:16:10.047   176   187 D vold    : Found matching PID 222
04-21 18:16:10.047   176   187 W vold    : Skipping due to root namespace
04-21 18:16:10.047   176   187 D vold    : Found matching PID 225
04-21 18:16:10.048   176   187 W vold    : Skipping due to root namespace
04-21 18:16:10.048   176   187 D vold    : Found matching PID 227
04-21 18:16:10.048   176   187 W vold    : Skipping due to root namespace
04-21 18:16:10.048   176   187 D vold    : Found matching PID 228
04-21 18:16:10.048   176   187 W vold    : Skipping due to root namespace
04-21 18:16:10.048   176   187 D vold    : Found matching PID 230
04-21 18:16:10.048   176   187 W vold    : Skipping due to root namespace
04-21 18:16:10.048   176   187 D vold    : Found matching PID 231
04-21 18:16:10.048   176   187 W vold    : Skipping due to root namespace
04-21 18:16:10.048   176   187 D vold    : Found matching PID 232
04-21 18:16:10.048   176   187 W vold    : Skipping due to root namespace
04-21 18:16:10.048   176   187 D vold    : Found matching PID 233
04-21 18:16:10.048   176   187 W vold    : Skipping due to root namespace
04-21 18:16:10.048   176   187 D vold    : Found matching PID 234
04-21 18:16:10.049   176   187 W vold    : Skipping due to root namespace
04-21 18:16:10.049   176   187 D vold    : Found matching PID 235
04-21 18:16:10.049   176   187 W vold    : Skipping due to root namespace
04-21 18:16:10.049   176   187 D vold    : Found matching PID 243
04-21 18:16:10.049   176   187 W vold    : Skipping due to root namespace
04-21 18:16:10.049   176   187 D vold    : Found matching PID 269
04-21 18:16:10.049   176   187 W vold    : Skipping due to root namespace
04-21 18:16:10.049   176   187 D vold    : Found matching PID 302
04-21 18:16:10.050   176   187 W vold    : Skipping due to root namespace
04-21 18:16:10.050   176   187 D vold    : Found matching PID 305
04-21 18:16:10.050   176   187 W vold    : Skipping due to root namespace
04-21 18:16:10.050   176   187 D vold    : Found matching PID 491
04-21 18:16:10.072   176   187 D vold    : Found matching PID 529
04-21 18:16:10.072   176   187 W vold    : Skipping due to root namespace
04-21 18:16:10.074   176   189 D vold    : Remounting 1000 as mode full
04-21 18:16:10.078   176   189 D vold    : Found matching PID 167
04-21 18:16:10.079   176   189 W vold    : Skipping due to root namespace
04-21 18:16:10.079   176   189 D vold    : Found matching PID 168
04-21 18:16:10.079   176   189 W vold    : Skipping due to root namespace
04-21 18:16:10.079   176   189 D vold    : Found matching PID 169
04-21 18:16:10.079   176   189 W vold    : Skipping due to root namespace
04-21 18:16:10.079   176   189 D vold    : Found matching PID 191
04-21 18:16:10.079   176   189 W vold    : Skipping due to root namespace
04-21 18:16:10.079   176   189 D vold    : Found matching PID 222
04-21 18:16:10.080   176   189 W vold    : Skipping due to root namespace
04-21 18:16:10.080   176   189 D vold    : Found matching PID 225
04-21 18:16:10.080   176   189 W vold    : Skipping due to root namespace
04-21 18:16:10.080   176   189 D vold    : Found matching PID 227
04-21 18:16:10.080   176   189 W vold    : Skipping due to root namespace
04-21 18:16:10.080   176   189 D vold    : Found matching PID 228
04-21 18:16:10.080   176   189 W vold    : Skipping due to root namespace
04-21 18:16:10.080   176   189 D vold    : Found matching PID 230
04-21 18:16:10.080   176   189 W vold    : Skipping due to root namespace
04-21 18:16:10.080   176   189 D vold    : Found matching PID 231
04-21 18:16:10.080   176   189 W vold    : Skipping due to root namespace
04-21 18:16:10.080   176   189 D vold    : Found matching PID 232
04-21 18:16:10.081   176   189 W vold    : Skipping due to root namespace
04-21 18:16:10.081   176   189 D vold    : Found matching PID 233
04-21 18:16:10.081   176   189 W vold    : Skipping due to root namespace
04-21 18:16:10.081   176   189 D vold    : Found matching PID 234
04-21 18:16:10.081   176   189 W vold    : Skipping due to root namespace
04-21 18:16:10.081   176   189 D vold    : Found matching PID 235
04-21 18:16:10.081   176   189 W vold    : Skipping due to root namespace
04-21 18:16:10.081   176   189 D vold    : Found matching PID 243
04-21 18:16:10.081   176   189 W vold    : Skipping due to root namespace
04-21 18:16:10.081   176   189 D vold    : Found matching PID 269
04-21 18:16:10.081   176   189 W vold    : Skipping due to root namespace
04-21 18:16:10.082   176   189 D vold    : Found matching PID 302
04-21 18:16:10.082   176   189 W vold    : Skipping due to root namespace
04-21 18:16:10.082   176   189 D vold    : Found matching PID 305
04-21 18:16:10.082   176   189 W vold    : Skipping due to root namespace
04-21 18:16:10.082   176   189 D vold    : Found matching PID 491
04-21 18:16:10.100   176   189 D vold    : Found matching PID 529
04-21 18:16:10.100   176   189 W vold    : Skipping due to root namespace
04-21 18:16:10.121   176  1210 D vold    : Remounting 1000 as mode full
04-21 18:16:10.132   176  1210 D vold    : Found matching PID 167
04-21 18:16:10.132   176  1210 W vold    : Skipping due to root namespace
04-21 18:16:10.132   176  1210 D vold    : Found matching PID 168
04-21 18:16:10.132   176  1210 W vold    : Skipping due to root namespace
04-21 18:16:10.132   176  1210 D vold    : Found matching PID 169
04-21 18:16:10.132   176  1210 W vold    : Skipping due to root namespace
04-21 18:16:10.133   176  1210 D vold    : Found matching PID 191
04-21 18:16:10.133   176  1210 W vold    : Skipping due to root namespace
04-21 18:16:10.133   176  1210 D vold    : Found matching PID 222
04-21 18:16:10.133   176  1210 W vold    : Skipping due to root namespace
04-21 18:16:10.133   176  1210 D vold    : Found matching PID 225
04-21 18:16:10.133   176  1210 W vold    : Skipping due to root namespace
04-21 18:16:10.133   176  1210 D vold    : Found matching PID 227
04-21 18:16:10.133   176  1210 W vold    : Skipping due to root namespace
04-21 18:16:10.133   176  1210 D vold    : Found matching PID 228
04-21 18:16:10.134   176  1210 W vold    : Skipping due to root namespace
04-21 18:16:10.134   176  1210 D vold    : Found matching PID 230
04-21 18:16:10.134   176  1210 W vold    : Skipping due to root namespace
04-21 18:16:10.134   176  1210 D vold    : Found matching PID 231
04-21 18:16:10.134   176  1210 W vold    : Skipping due to root namespace
04-21 18:16:10.134   176  1210 D vold    : Found matching PID 232
04-21 18:16:10.134   176  1210 W vold    : Skipping due to root namespace
04-21 18:16:10.134   176  1210 D vold    : Found matching PID 233
04-21 18:16:10.134   176  1210 W vold    : Skipping due to root namespace
04-21 18:16:10.134   176  1210 D vold    : Found matching PID 234
04-21 18:16:10.134   176  1210 W vold    : Skipping due to root namespace
04-21 18:16:10.134   176  1210 D vold    : Found matching PID 235
04-21 18:16:10.134   176  1210 W vold    : Skipping due to root namespace
04-21 18:16:10.135   176  1210 D vold    : Found matching PID 243
04-21 18:16:10.135   176  1210 W vold    : Skipping due to root namespace
04-21 18:16:10.135   176  1210 D vold    : Found matching PID 269
04-21 18:16:10.135   176  1210 W vold    : Skipping due to root namespace
04-21 18:16:10.135   176  1210 D vold    : Found matching PID 302
04-21 18:16:10.136   176  1210 W vold    : Skipping due to root namespace
04-21 18:16:10.136   176  1210 D vold    : Found matching PID 305
04-21 18:16:10.136   176  1210 W vold    : Skipping due to root namespace
04-21 18:16:10.136   176  1210 D vold    : Found matching PID 491
04-21 18:16:10.139   491   591 I chatty  : uid=1000 system_server expire 5 lines
04-21 18:16:10.157   491   491 I chatty  : uid=1000 system_server expire 104 lines
04-21 18:16:10.163   491  1171 I chatty  : uid=1000(system) NetworkPolicy expire 3 lines
04-21 18:16:10.165   176  1210 D vold    : Found matching PID 529
04-21 18:16:10.165   176  1210 W vold    : Skipping due to root namespace
04-21 18:16:10.169   176   176 D vold    : Remounting 1000 as mode full
04-21 18:16:10.173   176   176 D vold    : Found matching PID 167
04-21 18:16:10.173   176   176 W vold    : Skipping due to root namespace
04-21 18:16:10.173   176   176 D vold    : Found matching PID 168
04-21 18:16:10.173   176   176 W vold    : Skipping due to root namespace
04-21 18:16:10.173   176   176 D vold    : Found matching PID 169
04-21 18:16:10.174   176   176 W vold    : Skipping due to root namespace
04-21 18:16:10.174   176   176 D vold    : Found matching PID 191
04-21 18:16:10.174   176   176 W vold    : Skipping due to root namespace
04-21 18:16:10.174   176   176 D vold    : Found matching PID 222
04-21 18:16:10.174   176   176 W vold    : Skipping due to root namespace
04-21 18:16:10.175   176   176 D vold    : Found matching PID 225
04-21 18:16:10.175   176   176 W vold    : Skipping due to root namespace
04-21 18:16:10.175   176   176 D vold    : Found matching PID 227
04-21 18:16:10.175   176   176 W vold    : Skipping due to root namespace
04-21 18:16:10.175   176   176 D vold    : Found matching PID 228
04-21 18:16:10.175   176   176 W vold    : Skipping due to root namespace
04-21 18:16:10.175   176   176 D vold    : Found matching PID 230
04-21 18:16:10.175   176   176 W vold    : Skipping due to root namespace
04-21 18:16:10.177   176   176 D vold    : Found matching PID 231
04-21 18:16:10.178   176   176 W vold    : Skipping due to root namespace
04-21 18:16:10.178   176   176 D vold    : Found matching PID 232
04-21 18:16:10.178   176   176 W vold    : Skipping due to root namespace
04-21 18:16:10.178   176   176 D vold    : Found matching PID 233
04-21 18:16:10.178   176   176 W vold    : Skipping due to root namespace
04-21 18:16:10.178   176   176 D vold    : Found matching PID 234
04-21 18:16:10.178   176   176 W vold    : Skipping due to root namespace
04-21 18:16:10.178   176   176 D vold    : Found matching PID 235
04-21 18:16:10.178   176   176 W vold    : Skipping due to root namespace
04-21 18:16:10.178   176   176 D vold    : Found matching PID 243
04-21 18:16:10.178   176   176 W vold    : Skipping due to root namespace
04-21 18:16:10.179   176   176 D vold    : Found matching PID 269
04-21 18:16:10.179   176   176 W vold    : Skipping due to root namespace
04-21 18:16:10.179   176   176 D vold    : Found matching PID 302
04-21 18:16:10.179   176   176 W vold    : Skipping due to root namespace
04-21 18:16:10.179   176   176 D vold    : Found matching PID 305
04-21 18:16:10.180   176   176 W vold    : Skipping due to root namespace
04-21 18:16:10.180   176   176 D vold    : Found matching PID 491
04-21 18:16:10.203   176   176 D vold    : Found matching PID 529
04-21 18:16:10.203   176   176 W vold    : Skipping due to root namespace
04-21 18:16:10.206   176  1214 D vold    : Remounting 1000 as mode full
04-21 18:16:10.210   176  1214 D vold    : Found matching PID 167
04-21 18:16:10.210   176  1214 W vold    : Skipping due to root namespace
04-21 18:16:10.210   176  1214 D vold    : Found matching PID 168
04-21 18:16:10.211   176  1214 W vold    : Skipping due to root namespace
04-21 18:16:10.211   176  1214 D vold    : Found matching PID 169
04-21 18:16:10.211   176  1214 W vold    : Skipping due to root namespace
04-21 18:16:10.211   176  1214 D vold    : Found matching PID 191
04-21 18:16:10.211   176  1214 W vold    : Skipping due to root namespace
04-21 18:16:10.211   176  1214 D vold    : Found matching PID 222
04-21 18:16:10.211   176  1214 W vold    : Skipping due to root namespace
04-21 18:16:10.211   176  1214 D vold    : Found matching PID 225
04-21 18:16:10.211   176  1214 W vold    : Skipping due to root namespace
04-21 18:16:10.212   176  1214 D vold    : Found matching PID 227
04-21 18:16:10.212   176  1214 W vold    : Skipping due to root namespace
04-21 18:16:10.212   176  1214 D vold    : Found matching PID 228
04-21 18:16:10.212   176  1214 W vold    : Skipping due to root namespace
04-21 18:16:10.212   176  1214 D vold    : Found matching PID 230
04-21 18:16:10.212   176  1214 W vold    : Skipping due to root namespace
04-21 18:16:10.212   176  1214 D vold    : Found matching PID 231
04-21 18:16:10.212   176  1214 W vold    : Skipping due to root namespace
04-21 18:16:10.212   176  1214 D vold    : Found matching PID 232
04-21 18:16:10.212   176  1214 W vold    : Skipping due to root namespace
04-21 18:16:10.212   176  1214 D vold    : Found matching PID 233
04-21 18:16:10.212   176  1214 W vold    : Skipping due to root namespace
04-21 18:16:10.212   176  1214 D vold    : Found matching PID 234
04-21 18:16:10.212   176  1214 W vold    : Skipping due to root namespace
04-21 18:16:10.212   176  1214 D vold    : Found matching PID 235
04-21 18:16:10.213   176  1214 W vold    : Skipping due to root namespace
04-21 18:16:10.213   176  1214 D vold    : Found matching PID 243
04-21 18:16:10.213   176  1214 W vold    : Skipping due to root namespace
04-21 18:16:10.213   176  1214 D vold    : Found matching PID 269
04-21 18:16:10.213   176  1214 W vold    : Skipping due to root namespace
04-21 18:16:10.213   176  1214 D vold    : Found matching PID 302
04-21 18:16:10.214   176  1214 W vold    : Skipping due to root namespace
04-21 18:16:10.214   176  1214 D vold    : Found matching PID 305
04-21 18:16:10.214   176  1214 W vold    : Skipping due to root namespace
04-21 18:16:10.214   176  1214 D vold    : Found matching PID 491
04-21 18:16:10.215   491   521 I chatty  : uid=1000(system) ActivityManager expire 6 lines
04-21 18:16:10.264   176  1214 D vold    : Found matching PID 529
04-21 18:16:10.264   176  1214 W vold    : Skipping due to root namespace
04-21 18:16:10.271   236   236 I android.hardware.wifi@1.0-service.legacy: Adding interface handle for wlan0
04-21 18:16:10.271   236   236 W android.hardware.wifi@1.0-service.legacy: No active wlan interfaces in use! Using default
04-21 18:16:10.271   236   236 E android.hardware.wifi@1.0-service.legacy: Failed to register radio mode change callback
04-21 18:16:10.271   236   236 W android.hardware.wifi@1.0-service.legacy: No active wlan interfaces in use! Using default
04-21 18:16:10.276   176   176 D vold    : Remounting 1000 as mode full
04-21 18:16:10.281   236   236 I android.hardware.wifi@1.0-service.legacy: Configured chip in mode 0
04-21 18:16:10.281   236   236 W android.hardware.wifi@1.0-service.legacy: No active wlan interfaces in use! Using default
04-21 18:16:10.283   176   176 D vold    : Found matching PID 167
04-21 18:16:10.284   176   176 W vold    : Skipping due to root namespace
04-21 18:16:10.284   176   176 D vold    : Found matching PID 168
04-21 18:16:10.284   176   176 W vold    : Skipping due to root namespace
04-21 18:16:10.284   176   176 D vold    : Found matching PID 169
04-21 18:16:10.284   176   176 W vold    : Skipping due to root namespace
04-21 18:16:10.284   176   176 D vold    : Found matching PID 191
04-21 18:16:10.284   176   176 W vold    : Skipping due to root namespace
04-21 18:16:10.285   176   176 D vold    : Found matching PID 222
04-21 18:16:10.285   176   176 W vold    : Skipping due to root namespace
04-21 18:16:10.285   176   176 D vold    : Found matching PID 225
04-21 18:16:10.285   176   176 W vold    : Skipping due to root namespace
04-21 18:16:10.285   176   176 D vold    : Found matching PID 227
04-21 18:16:10.285   176   176 W vold    : Skipping due to root namespace
04-21 18:16:10.285   176   176 D vold    : Found matching PID 228
04-21 18:16:10.285   176   176 W vold    : Skipping due to root namespace
04-21 18:16:10.285   176   176 D vold    : Found matching PID 230
04-21 18:16:10.285   176   176 W vold    : Skipping due to root namespace
04-21 18:16:10.286   176   176 D vold    : Found matching PID 231
04-21 18:16:10.286   176   176 W vold    : Skipping due to root namespace
04-21 18:16:10.286   176   176 D vold    : Found matching PID 232
04-21 18:16:10.286   176   176 W vold    : Skipping due to root namespace
04-21 18:16:10.286   176   176 D vold    : Found matching PID 233
04-21 18:16:10.286   176   176 W vold    : Skipping due to root namespace
04-21 18:16:10.286   176   176 D vold    : Found matching PID 234
04-21 18:16:10.286   176   176 W vold    : Skipping due to root namespace
04-21 18:16:10.286   176   176 D vold    : Found matching PID 235
04-21 18:16:10.286   176   176 W vold    : Skipping due to root namespace
04-21 18:16:10.287   176   176 D vold    : Found matching PID 243
04-21 18:16:10.287   176   176 W vold    : Skipping due to root namespace
04-21 18:16:10.287   176   176 D vold    : Found matching PID 269
04-21 18:16:10.287   176   176 W vold    : Skipping due to root namespace
04-21 18:16:10.287   176   176 D vold    : Found matching PID 302
04-21 18:16:10.287   176   176 W vold    : Skipping due to root namespace
04-21 18:16:10.288   176   176 D vold    : Found matching PID 305
04-21 18:16:10.288   176   176 W vold    : Skipping due to root namespace
04-21 18:16:10.288   176   176 D vold    : Found matching PID 491
04-21 18:16:10.305   176   176 D vold    : Found matching PID 529
04-21 18:16:10.305   176   176 W vold    : Skipping due to root namespace
04-21 18:16:10.306   176   205 D vold    : Remounting 1000 as mode full
04-21 18:16:10.310   176   205 D vold    : Found matching PID 167
04-21 18:16:10.310   176   205 W vold    : Skipping due to root namespace
04-21 18:16:10.310   176   205 D vold    : Found matching PID 168
04-21 18:16:10.310   176   205 W vold    : Skipping due to root namespace
04-21 18:16:10.310   176   205 D vold    : Found matching PID 169
04-21 18:16:10.310   176   205 W vold    : Skipping due to root namespace
04-21 18:16:10.311   176   205 D vold    : Found matching PID 191
04-21 18:16:10.311   176   205 W vold    : Skipping due to root namespace
04-21 18:16:10.311   176   205 D vold    : Found matching PID 222
04-21 18:16:10.311   176   205 W vold    : Skipping due to root namespace
04-21 18:16:10.311   176   205 D vold    : Found matching PID 225
04-21 18:16:10.311   176   205 W vold    : Skipping due to root namespace
04-21 18:16:10.311   176   205 D vold    : Found matching PID 227
04-21 18:16:10.311   176   205 W vold    : Skipping due to root namespace
04-21 18:16:10.311   176   205 D vold    : Found matching PID 228
04-21 18:16:10.311   176   205 W vold    : Skipping due to root namespace
04-21 18:16:10.311   176   205 D vold    : Found matching PID 230
04-21 18:16:10.312   176   205 W vold    : Skipping due to root namespace
04-21 18:16:10.312   176   205 D vold    : Found matching PID 231
04-21 18:16:10.312   176   205 W vold    : Skipping due to root namespace
04-21 18:16:10.312   176   205 D vold    : Found matching PID 232
04-21 18:16:10.312   176   205 W vold    : Skipping due to root namespace
04-21 18:16:10.312   176   205 D vold    : Found matching PID 233
04-21 18:16:10.312   176   205 W vold    : Skipping due to root namespace
04-21 18:16:10.312   176   205 D vold    : Found matching PID 234
04-21 18:16:10.312   176   205 W vold    : Skipping due to root namespace
04-21 18:16:10.312   176   205 D vold    : Found matching PID 235
04-21 18:16:10.312   176   205 W vold    : Skipping due to root namespace
04-21 18:16:10.312   176   205 D vold    : Found matching PID 243
04-21 18:16:10.312   176   205 W vold    : Skipping due to root namespace
04-21 18:16:10.313   176   205 D vold    : Found matching PID 269
04-21 18:16:10.313   176   205 W vold    : Skipping due to root namespace
04-21 18:16:10.313   176   205 D vold    : Found matching PID 302
04-21 18:16:10.313   176   205 W vold    : Skipping due to root namespace
04-21 18:16:10.313   176   205 D vold    : Found matching PID 305
04-21 18:16:10.313   176   205 W vold    : Skipping due to root namespace
04-21 18:16:10.314   176   205 D vold    : Found matching PID 491
04-21 18:16:10.315   491   511 I chatty  : uid=1000(system) android.fg expire 1 line
04-21 18:16:10.316   491   519 I chatty  : uid=1000(system) android.bg expire 2 lines
04-21 18:16:10.319   289   289 W wificond: Failed to get NL80211_ATTR_EXT_FEATURES
04-21 18:16:10.319   289   289 I wificond: create scanner for interface with index: 6
04-21 18:16:10.319   289   289 I wificond: subscribe scan result for interface with index: 6
04-21 18:16:10.322   289   289 E wificond: No Offload Service available
04-21 18:16:10.322   289   289 I wificond: Offload HAL not supported 
04-21 18:16:10.330   176   205 D vold    : Found matching PID 529
04-21 18:16:10.330   176   205 W vold    : Skipping due to root namespace
04-21 18:16:10.337   176   205 D vold    : Remounting 1000 as mode full
04-21 18:16:10.343   176   205 D vold    : Found matching PID 167
04-21 18:16:10.344   176   205 W vold    : Skipping due to root namespace
04-21 18:16:10.344   176   205 D vold    : Found matching PID 168
04-21 18:16:10.344   176   205 W vold    : Skipping due to root namespace
04-21 18:16:10.344   176   205 D vold    : Found matching PID 169
04-21 18:16:10.344   176   205 W vold    : Skipping due to root namespace
04-21 18:16:10.344   176   205 D vold    : Found matching PID 191
04-21 18:16:10.344   176   205 W vold    : Skipping due to root namespace
04-21 18:16:10.345   176   205 D vold    : Found matching PID 222
04-21 18:16:10.345   176   205 W vold    : Skipping due to root namespace
04-21 18:16:10.345   176   205 D vold    : Found matching PID 225
04-21 18:16:10.345   176   205 W vold    : Skipping due to root namespace
04-21 18:16:10.345   176   205 D vold    : Found matching PID 227
04-21 18:16:10.345   176   205 W vold    : Skipping due to root namespace
04-21 18:16:10.345   176   205 D vold    : Found matching PID 228
04-21 18:16:10.345   176   205 W vold    : Skipping due to root namespace
04-21 18:16:10.345   176   205 D vold    : Found matching PID 230
04-21 18:16:10.345   176   205 W vold    : Skipping due to root namespace
04-21 18:16:10.345   176   205 D vold    : Found matching PID 231
04-21 18:16:10.346   176   205 W vold    : Skipping due to root namespace
04-21 18:16:10.346   176   205 D vold    : Found matching PID 232
04-21 18:16:10.346   176   205 W vold    : Skipping due to root namespace
04-21 18:16:10.346   176   205 D vold    : Found matching PID 233
04-21 18:16:10.346   176   205 W vold    : Skipping due to root namespace
04-21 18:16:10.346   176   205 D vold    : Found matching PID 234
04-21 18:16:10.346   176   205 W vold    : Skipping due to root namespace
04-21 18:16:10.346   176   205 D vold    : Found matching PID 235
04-21 18:16:10.346   176   205 W vold    : Skipping due to root namespace
04-21 18:16:10.352   176   205 D vold    : Found matching PID 243
04-21 18:16:10.352   176   205 W vold    : Skipping due to root namespace
04-21 18:16:10.353   176   205 D vold    : Found matching PID 269
04-21 18:16:10.353   176   205 W vold    : Skipping due to root namespace
04-21 18:16:10.353   176   205 D vold    : Found matching PID 302
04-21 18:16:10.354   176   205 W vold    : Skipping due to root namespace
04-21 18:16:10.354   176   205 D vold    : Found matching PID 305
04-21 18:16:10.354   176   205 W vold    : Skipping due to root namespace
04-21 18:16:10.354   176   205 D vold    : Found matching PID 491
04-21 18:16:10.362  1239  1239 D SystemUIBootTiming: StartServicescom.android.systemui.volume.VolumeUI took to complete: 501ms
04-21 18:16:10.367   176   205 D vold    : Found matching PID 529
04-21 18:16:10.367   176   205 W vold    : Skipping due to root namespace
04-21 18:16:10.373   176   176 D vold    : Remounting 1000 as mode full
04-21 18:16:10.376   176   176 D vold    : Found matching PID 167
04-21 18:16:10.376   176   176 W vold    : Skipping due to root namespace
04-21 18:16:10.376   176   176 D vold    : Found matching PID 168
04-21 18:16:10.377   176   176 W vold    : Skipping due to root namespace
04-21 18:16:10.377   176   176 D vold    : Found matching PID 169
04-21 18:16:10.377   176   176 W vold    : Skipping due to root namespace
04-21 18:16:10.377   176   176 D vold    : Found matching PID 191
04-21 18:16:10.377   176   176 W vold    : Skipping due to root namespace
04-21 18:16:10.377   176   176 D vold    : Found matching PID 222
04-21 18:16:10.377   176   176 W vold    : Skipping due to root namespace
04-21 18:16:10.377   176   176 D vold    : Found matching PID 225
04-21 18:16:10.377   176   176 W vold    : Skipping due to root namespace
04-21 18:16:10.377   176   176 D vold    : Found matching PID 227
04-21 18:16:10.379   176   176 W vold    : Skipping due to root namespace
04-21 18:16:10.380   176   176 D vold    : Found matching PID 228
04-21 18:16:10.380   176   176 W vold    : Skipping due to root namespace
04-21 18:16:10.380   176   176 D vold    : Found matching PID 230
04-21 18:16:10.380   176   176 W vold    : Skipping due to root namespace
04-21 18:16:10.380   176   176 D vold    : Found matching PID 231
04-21 18:16:10.380   176   176 W vold    : Skipping due to root namespace
04-21 18:16:10.380   176   176 D vold    : Found matching PID 232
04-21 18:16:10.380   176   176 W vold    : Skipping due to root namespace
04-21 18:16:10.380   176   176 D vold    : Found matching PID 233
04-21 18:16:10.380   176   176 W vold    : Skipping due to root namespace
04-21 18:16:10.380   176   176 D vold    : Found matching PID 234
04-21 18:16:10.380   176   176 W vold    : Skipping due to root namespace
04-21 18:16:10.380   176   176 D vold    : Found matching PID 235
04-21 18:16:10.381   176   176 W vold    : Skipping due to root namespace
04-21 18:16:10.381   176   176 D vold    : Found matching PID 243
04-21 18:16:10.381   176   176 W vold    : Skipping due to root namespace
04-21 18:16:10.381   176   176 D vold    : Found matching PID 269
04-21 18:16:10.381   176   176 W vold    : Skipping due to root namespace
04-21 18:16:10.381   176   176 D vold    : Found matching PID 302
04-21 18:16:10.382   176   176 W vold    : Skipping due to root namespace
04-21 18:16:10.382   176   176 D vold    : Found matching PID 305
04-21 18:16:10.382   176   176 W vold    : Skipping due to root namespace
04-21 18:16:10.382   176   176 D vold    : Found matching PID 491
04-21 18:16:10.399   176   176 D vold    : Found matching PID 529
04-21 18:16:10.399   176   176 W vold    : Skipping due to root namespace
04-21 18:16:10.416   176   187 D vold    : Remounting 1000 as mode full
04-21 18:16:10.419   176   187 D vold    : Found matching PID 167
04-21 18:16:10.419   176   187 W vold    : Skipping due to root namespace
04-21 18:16:10.419   176   187 D vold    : Found matching PID 168
04-21 18:16:10.419   176   187 W vold    : Skipping due to root namespace
04-21 18:16:10.419   176   187 D vold    : Found matching PID 169
04-21 18:16:10.419   176   187 W vold    : Skipping due to root namespace
04-21 18:16:10.420   176   187 D vold    : Found matching PID 191
04-21 18:16:10.420   176   187 W vold    : Skipping due to root namespace
04-21 18:16:10.420   176   187 D vold    : Found matching PID 222
04-21 18:16:10.420   176   187 W vold    : Skipping due to root namespace
04-21 18:16:10.420   176   187 D vold    : Found matching PID 225
04-21 18:16:10.420   176   187 W vold    : Skipping due to root namespace
04-21 18:16:10.420   176   187 D vold    : Found matching PID 227
04-21 18:16:10.420   176   187 W vold    : Skipping due to root namespace
04-21 18:16:10.420   176   187 D vold    : Found matching PID 228
04-21 18:16:10.422   176   187 W vold    : Skipping due to root namespace
04-21 18:16:10.422   176   187 D vold    : Found matching PID 230
04-21 18:16:10.422   176   187 W vold    : Skipping due to root namespace
04-21 18:16:10.422   176   187 D vold    : Found matching PID 231
04-21 18:16:10.422   176   187 W vold    : Skipping due to root namespace
04-21 18:16:10.422   176   187 D vold    : Found matching PID 232
04-21 18:16:10.422   176   187 W vold    : Skipping due to root namespace
04-21 18:16:10.422   176   187 D vold    : Found matching PID 233
04-21 18:16:10.422   176   187 W vold    : Skipping due to root namespace
04-21 18:16:10.422   176   187 D vold    : Found matching PID 234
04-21 18:16:10.422   176   187 W vold    : Skipping due to root namespace
04-21 18:16:10.422   176   187 D vold    : Found matching PID 235
04-21 18:16:10.423   176   187 W vold    : Skipping due to root namespace
04-21 18:16:10.423   176   187 D vold    : Found matching PID 243
04-21 18:16:10.428   176   187 W vold    : Skipping due to root namespace
04-21 18:16:10.429   176   187 D vold    : Found matching PID 269
04-21 18:16:10.429   176   187 W vold    : Skipping due to root namespace
04-21 18:16:10.429   176   187 D vold    : Found matching PID 302
04-21 18:16:10.429   176   187 W vold    : Skipping due to root namespace
04-21 18:16:10.430   176   187 D vold    : Found matching PID 305
04-21 18:16:10.431   176   187 W vold    : Skipping due to root namespace
04-21 18:16:10.432   176   187 D vold    : Found matching PID 491
04-21 18:16:10.442   491  1447 I chatty  : uid=1000(system) Binder:491_7 expire 1 line
04-21 18:16:10.446   176   187 D vold    : Found matching PID 529
04-21 18:16:10.446   176   187 W vold    : Skipping due to root namespace
04-21 18:16:10.449   491  1334 I chatty  : uid=1000(system) Binder:491_5 expire 7 lines
04-21 18:16:10.453   176  1210 D vold    : Remounting 1000 as mode full
04-21 18:16:10.456   176  1210 D vold    : Found matching PID 167
04-21 18:16:10.456   176  1210 W vold    : Skipping due to root namespace
04-21 18:16:10.456   176  1210 D vold    : Found matching PID 168
04-21 18:16:10.457   176  1210 W vold    : Skipping due to root namespace
04-21 18:16:10.457   176  1210 D vold    : Found matching PID 169
04-21 18:16:10.457   176  1210 W vold    : Skipping due to root namespace
04-21 18:16:10.458   176  1210 D vold    : Found matching PID 191
04-21 18:16:10.458   176  1210 W vold    : Skipping due to root namespace
04-21 18:16:10.459   176  1210 D vold    : Found matching PID 222
04-21 18:16:10.459   176  1210 W vold    : Skipping due to root namespace
04-21 18:16:10.459   176  1210 D vold    : Found matching PID 225
04-21 18:16:10.459   176  1210 W vold    : Skipping due to root namespace
04-21 18:16:10.460   176  1210 D vold    : Found matching PID 227
04-21 18:16:10.460   176  1210 W vold    : Skipping due to root namespace
04-21 18:16:10.460   176  1210 D vold    : Found matching PID 228
04-21 18:16:10.460   176  1210 W vold    : Skipping due to root namespace
04-21 18:16:10.460   176  1210 D vold    : Found matching PID 230
04-21 18:16:10.460   176  1210 W vold    : Skipping due to root namespace
04-21 18:16:10.460   176  1210 D vold    : Found matching PID 231
04-21 18:16:10.461   176  1210 W vold    : Skipping due to root namespace
04-21 18:16:10.461   176  1210 D vold    : Found matching PID 232
04-21 18:16:10.461   176  1210 W vold    : Skipping due to root namespace
04-21 18:16:10.461   176  1210 D vold    : Found matching PID 233
04-21 18:16:10.461   176  1210 W vold    : Skipping due to root namespace
04-21 18:16:10.461   176  1210 D vold    : Found matching PID 234
04-21 18:16:10.461   176  1210 W vold    : Skipping due to root namespace
04-21 18:16:10.461   176  1210 D vold    : Found matching PID 235
04-21 18:16:10.462   176  1210 W vold    : Skipping due to root namespace
04-21 18:16:10.462  1239  1239 D SystemUIBootTiming: StartServicescom.android.systemui.stackdivider.Divider took to complete: 100ms
04-21 18:16:10.462   176  1210 D vold    : Found matching PID 243
04-21 18:16:10.462   176  1210 W vold    : Skipping due to root namespace
04-21 18:16:10.462   176  1210 D vold    : Found matching PID 269
04-21 18:16:10.462   176  1210 W vold    : Skipping due to root namespace
04-21 18:16:10.463   176  1210 D vold    : Found matching PID 302
04-21 18:16:10.463   176  1210 W vold    : Skipping due to root namespace
04-21 18:16:10.463   176  1210 D vold    : Found matching PID 305
04-21 18:16:10.463   176  1210 W vold    : Skipping due to root namespace
04-21 18:16:10.464   176  1210 D vold    : Found matching PID 491
04-21 18:16:10.478   176  1210 D vold    : Found matching PID 529
04-21 18:16:10.478   176  1210 W vold    : Skipping due to root namespace
04-21 18:16:10.479   176   189 D vold    : Remounting 1000 as mode full
04-21 18:16:10.483   176   189 D vold    : Found matching PID 167
04-21 18:16:10.483   176   189 W vold    : Skipping due to root namespace
04-21 18:16:10.483   176   189 D vold    : Found matching PID 168
04-21 18:16:10.483   176   189 W vold    : Skipping due to root namespace
04-21 18:16:10.483   176   189 D vold    : Found matching PID 169
04-21 18:16:10.483   176   189 W vold    : Skipping due to root namespace
04-21 18:16:10.484   176   189 D vold    : Found matching PID 191
04-21 18:16:10.484   176   189 W vold    : Skipping due to root namespace
04-21 18:16:10.484   176   189 D vold    : Found matching PID 222
04-21 18:16:10.484   176   189 W vold    : Skipping due to root namespace
04-21 18:16:10.484   176   189 D vold    : Found matching PID 225
04-21 18:16:10.484   176   189 W vold    : Skipping due to root namespace
04-21 18:16:10.484   176   189 D vold    : Found matching PID 227
04-21 18:16:10.484   176   189 W vold    : Skipping due to root namespace
04-21 18:16:10.484   176   189 D vold    : Found matching PID 228
04-21 18:16:10.485   176   189 W vold    : Skipping due to root namespace
04-21 18:16:10.485   176   189 D vold    : Found matching PID 230
04-21 18:16:10.485   176   189 W vold    : Skipping due to root namespace
04-21 18:16:10.485   176   189 D vold    : Found matching PID 231
04-21 18:16:10.485   176   189 W vold    : Skipping due to root namespace
04-21 18:16:10.485   176   189 D vold    : Found matching PID 232
04-21 18:16:10.485   176   189 W vold    : Skipping due to root namespace
04-21 18:16:10.485   176   189 D vold    : Found matching PID 233
04-21 18:16:10.485   176   189 W vold    : Skipping due to root namespace
04-21 18:16:10.486   176   189 D vold    : Found matching PID 234
04-21 18:16:10.486   176   189 W vold    : Skipping due to root namespace
04-21 18:16:10.486   176   189 D vold    : Found matching PID 235
04-21 18:16:10.486   176   189 W vold    : Skipping due to root namespace
04-21 18:16:10.486   176   189 D vold    : Found matching PID 243
04-21 18:16:10.486   176   189 W vold    : Skipping due to root namespace
04-21 18:16:10.486   176   189 D vold    : Found matching PID 269
04-21 18:16:10.486   176   189 W vold    : Skipping due to root namespace
04-21 18:16:10.487   176   189 D vold    : Found matching PID 302
04-21 18:16:10.487   176   189 W vold    : Skipping due to root namespace
04-21 18:16:10.487   176   189 D vold    : Found matching PID 305
04-21 18:16:10.487   176   189 W vold    : Skipping due to root namespace
04-21 18:16:10.487   176   189 D vold    : Found matching PID 491
04-21 18:16:10.491   289   289 W wificond: Failed to get NL80211_ATTR_EXT_FEATURES
04-21 18:16:10.502   289   289 W wificond: Failed to get NL80211_ATTR_EXT_FEATURES
04-21 18:16:10.505   176   189 D vold    : Found matching PID 529
04-21 18:16:10.505   176   189 W vold    : Skipping due to root namespace
04-21 18:16:10.506   176   176 D vold    : Remounting 1000 as mode full
04-21 18:16:10.507   289   289 W wificond: Failed to get NL80211_ATTR_EXT_FEATURES
04-21 18:16:10.510   491   491 I chatty  : uid=1000 system_server expire 79 lines
04-21 18:16:10.511   176   176 D vold    : Found matching PID 167
04-21 18:16:10.511   176   176 W vold    : Skipping due to root namespace
04-21 18:16:10.511   176   176 D vold    : Found matching PID 168
04-21 18:16:10.511   176   176 W vold    : Skipping due to root namespace
04-21 18:16:10.511   176   176 D vold    : Found matching PID 169
04-21 18:16:10.511   176   176 W vold    : Skipping due to root namespace
04-21 18:16:10.511   176   176 D vold    : Found matching PID 191
04-21 18:16:10.511   176   176 W vold    : Skipping due to root namespace
04-21 18:16:10.511   176   176 D vold    : Found matching PID 222
04-21 18:16:10.512   176   176 W vold    : Skipping due to root namespace
04-21 18:16:10.512   176   176 D vold    : Found matching PID 225
04-21 18:16:10.512   176   176 W vold    : Skipping due to root namespace
04-21 18:16:10.512   176   176 D vold    : Found matching PID 227
04-21 18:16:10.512   176   176 W vold    : Skipping due to root namespace
04-21 18:16:10.512   176   176 D vold    : Found matching PID 228
04-21 18:16:10.512   176   176 W vold    : Skipping due to root namespace
04-21 18:16:10.512   176   176 D vold    : Found matching PID 230
04-21 18:16:10.512   176   176 W vold    : Skipping due to root namespace
04-21 18:16:10.512   176   176 D vold    : Found matching PID 231
04-21 18:16:10.514   176   176 W vold    : Skipping due to root namespace
04-21 18:16:10.514   176   176 D vold    : Found matching PID 232
04-21 18:16:10.514   176   176 W vold    : Skipping due to root namespace
04-21 18:16:10.514   176   176 D vold    : Found matching PID 233
04-21 18:16:10.514   176   176 W vold    : Skipping due to root namespace
04-21 18:16:10.514   176   176 D vold    : Found matching PID 234
04-21 18:16:10.514   176   176 W vold    : Skipping due to root namespace
04-21 18:16:10.514   176   176 D vold    : Found matching PID 235
04-21 18:16:10.515   176   176 W vold    : Skipping due to root namespace
04-21 18:16:10.515   176   176 D vold    : Found matching PID 243
04-21 18:16:10.515   176   176 W vold    : Skipping due to root namespace
04-21 18:16:10.515   176   176 D vold    : Found matching PID 269
04-21 18:16:10.516   176   176 W vold    : Skipping due to root namespace
04-21 18:16:10.516   176   176 D vold    : Found matching PID 302
04-21 18:16:10.516   176   176 W vold    : Skipping due to root namespace
04-21 18:16:10.516   176   176 D vold    : Found matching PID 305
04-21 18:16:10.516   176   176 W vold    : Skipping due to root namespace
04-21 18:16:10.517   176   176 D vold    : Found matching PID 491
04-21 18:16:10.532   176   176 D vold    : Found matching PID 529
04-21 18:16:10.532   176   176 W vold    : Skipping due to root namespace
04-21 18:16:10.533   176   187 D vold    : Remounting 1000 as mode full
04-21 18:16:10.537   176   187 D vold    : Found matching PID 167
04-21 18:16:10.537   176   187 W vold    : Skipping due to root namespace
04-21 18:16:10.537   176   187 D vold    : Found matching PID 168
04-21 18:16:10.537   176   187 W vold    : Skipping due to root namespace
04-21 18:16:10.537   176   187 D vold    : Found matching PID 169
04-21 18:16:10.537   176   187 W vold    : Skipping due to root namespace
04-21 18:16:10.537   176   187 D vold    : Found matching PID 191
04-21 18:16:10.537   176   187 W vold    : Skipping due to root namespace
04-21 18:16:10.538   176   187 D vold    : Found matching PID 222
04-21 18:16:10.538   176   187 W vold    : Skipping due to root namespace
04-21 18:16:10.538   176   187 D vold    : Found matching PID 225
04-21 18:16:10.538   176   187 W vold    : Skipping due to root namespace
04-21 18:16:10.538   176   187 D vold    : Found matching PID 227
04-21 18:16:10.538   176   187 W vold    : Skipping due to root namespace
04-21 18:16:10.538   176   187 D vold    : Found matching PID 228
04-21 18:16:10.539   176   187 W vold    : Skipping due to root namespace
04-21 18:16:10.539   176   187 D vold    : Found matching PID 230
04-21 18:16:10.539   176   187 W vold    : Skipping due to root namespace
04-21 18:16:10.539   176   187 D vold    : Found matching PID 231
04-21 18:16:10.539   176   187 W vold    : Skipping due to root namespace
04-21 18:16:10.539   176   187 D vold    : Found matching PID 232
04-21 18:16:10.539   176   187 W vold    : Skipping due to root namespace
04-21 18:16:10.539   176   187 D vold    : Found matching PID 233
04-21 18:16:10.539   176   187 W vold    : Skipping due to root namespace
04-21 18:16:10.539   176   187 D vold    : Found matching PID 234
04-21 18:16:10.539   176   187 W vold    : Skipping due to root namespace
04-21 18:16:10.539   176   187 D vold    : Found matching PID 235
04-21 18:16:10.540   176   187 W vold    : Skipping due to root namespace
04-21 18:16:10.540   176   187 D vold    : Found matching PID 243
04-21 18:16:10.540   176   187 W vold    : Skipping due to root namespace
04-21 18:16:10.540   176   187 D vold    : Found matching PID 269
04-21 18:16:10.540   176   187 W vold    : Skipping due to root namespace
04-21 18:16:10.541   176   187 D vold    : Found matching PID 302
04-21 18:16:10.541   176   187 W vold    : Skipping due to root namespace
04-21 18:16:10.541   176   187 D vold    : Found matching PID 305
04-21 18:16:10.541   176   187 W vold    : Skipping due to root namespace
04-21 18:16:10.541   176   187 D vold    : Found matching PID 491
04-21 18:16:10.557   176   187 D vold    : Found matching PID 529
04-21 18:16:10.557   176   187 W vold    : Skipping due to root namespace
04-21 18:16:10.558   176  1214 D vold    : Remounting 1000 as mode full
04-21 18:16:10.561   176  1214 D vold    : Found matching PID 167
04-21 18:16:10.561   176  1214 W vold    : Skipping due to root namespace
04-21 18:16:10.561   176  1214 D vold    : Found matching PID 168
04-21 18:16:10.561   176  1214 W vold    : Skipping due to root namespace
04-21 18:16:10.561   176  1214 D vold    : Found matching PID 169
04-21 18:16:10.561   176  1214 W vold    : Skipping due to root namespace
04-21 18:16:10.561   176  1214 D vold    : Found matching PID 191
04-21 18:16:10.562   176  1214 W vold    : Skipping due to root namespace
04-21 18:16:10.562   176  1214 D vold    : Found matching PID 222
04-21 18:16:10.562   176  1214 W vold    : Skipping due to root namespace
04-21 18:16:10.562   176  1214 D vold    : Found matching PID 225
04-21 18:16:10.562   176  1214 W vold    : Skipping due to root namespace
04-21 18:16:10.563   176  1214 D vold    : Found matching PID 227
04-21 18:16:10.563   176  1214 W vold    : Skipping due to root namespace
04-21 18:16:10.563   176  1214 D vold    : Found matching PID 228
04-21 18:16:10.563   176  1214 W vold    : Skipping due to root namespace
04-21 18:16:10.563   176  1214 D vold    : Found matching PID 230
04-21 18:16:10.563   176  1214 W vold    : Skipping due to root namespace
04-21 18:16:10.563   176  1214 D vold    : Found matching PID 231
04-21 18:16:10.563   176  1214 W vold    : Skipping due to root namespace
04-21 18:16:10.563   176  1214 D vold    : Found matching PID 232
04-21 18:16:10.564   176  1214 W vold    : Skipping due to root namespace
04-21 18:16:10.564   176  1214 D vold    : Found matching PID 233
04-21 18:16:10.564   176  1214 W vold    : Skipping due to root namespace
04-21 18:16:10.564   176  1214 D vold    : Found matching PID 234
04-21 18:16:10.564   176  1214 W vold    : Skipping due to root namespace
04-21 18:16:10.564   176  1214 D vold    : Found matching PID 235
04-21 18:16:10.564   176  1214 W vold    : Skipping due to root namespace
04-21 18:16:10.564   176  1214 D vold    : Found matching PID 243
04-21 18:16:10.564   176  1214 W vold    : Skipping due to root namespace
04-21 18:16:10.565   176  1214 D vold    : Found matching PID 269
04-21 18:16:10.565   176  1214 W vold    : Skipping due to root namespace
04-21 18:16:10.565   176  1214 D vold    : Found matching PID 302
04-21 18:16:10.565   176  1214 W vold    : Skipping due to root namespace
04-21 18:16:10.565   176  1214 D vold    : Found matching PID 305
04-21 18:16:10.565   176  1214 W vold    : Skipping due to root namespace
04-21 18:16:10.566   176  1214 D vold    : Found matching PID 491
04-21 18:16:10.577   176  1214 D vold    : Found matching PID 529
04-21 18:16:10.577   176  1214 W vold    : Skipping due to root namespace
04-21 18:16:10.580   176   205 D vold    : Remounting 1000 as mode full
04-21 18:16:10.583   176   205 D vold    : Found matching PID 167
04-21 18:16:10.583   176   205 W vold    : Skipping due to root namespace
04-21 18:16:10.583   176   205 D vold    : Found matching PID 168
04-21 18:16:10.583   176   205 W vold    : Skipping due to root namespace
04-21 18:16:10.583   176   205 D vold    : Found matching PID 169
04-21 18:16:10.583   176   205 W vold    : Skipping due to root namespace
04-21 18:16:10.583   176   205 D vold    : Found matching PID 191
04-21 18:16:10.583   176   205 W vold    : Skipping due to root namespace
04-21 18:16:10.584   176   205 D vold    : Found matching PID 222
04-21 18:16:10.584   176   205 W vold    : Skipping due to root namespace
04-21 18:16:10.584   176   205 D vold    : Found matching PID 225
04-21 18:16:10.584   176   205 W vold    : Skipping due to root namespace
04-21 18:16:10.584   176   205 D vold    : Found matching PID 227
04-21 18:16:10.584   176   205 W vold    : Skipping due to root namespace
04-21 18:16:10.584   176   205 D vold    : Found matching PID 228
04-21 18:16:10.584   176   205 W vold    : Skipping due to root namespace
04-21 18:16:10.584   176   205 D vold    : Found matching PID 230
04-21 18:16:10.584   176   205 W vold    : Skipping due to root namespace
04-21 18:16:10.584   176   205 D vold    : Found matching PID 231
04-21 18:16:10.584   176   205 W vold    : Skipping due to root namespace
04-21 18:16:10.584   176   205 D vold    : Found matching PID 232
04-21 18:16:10.586   176   205 W vold    : Skipping due to root namespace
04-21 18:16:10.586   176   205 D vold    : Found matching PID 233
04-21 18:16:10.586   176   205 W vold    : Skipping due to root namespace
04-21 18:16:10.586   176   205 D vold    : Found matching PID 234
04-21 18:16:10.586   176   205 W vold    : Skipping due to root namespace
04-21 18:16:10.586   176   205 D vold    : Found matching PID 235
04-21 18:16:10.586   176   205 W vold    : Skipping due to root namespace
04-21 18:16:10.586   176   205 D vold    : Found matching PID 243
04-21 18:16:10.586   176   205 W vold    : Skipping due to root namespace
04-21 18:16:10.587   176   205 D vold    : Found matching PID 269
04-21 18:16:10.587   176   205 W vold    : Skipping due to root namespace
04-21 18:16:10.587   176   205 D vold    : Found matching PID 302
04-21 18:16:10.587   176   205 W vold    : Skipping due to root namespace
04-21 18:16:10.587   176   205 D vold    : Found matching PID 305
04-21 18:16:10.587   176   205 W vold    : Skipping due to root namespace
04-21 18:16:10.587   176   205 D vold    : Found matching PID 491
04-21 18:16:10.597   176   205 D vold    : Found matching PID 529
04-21 18:16:10.597   176   205 W vold    : Skipping due to root namespace
04-21 18:16:10.598   176  1210 D vold    : Remounting 10095 as mode write
04-21 18:16:10.605   176   189 D vold    : Remounting 10090 as mode full
04-21 18:16:10.611   176   176 D vold    : Remounting 10109 as mode default
04-21 18:16:10.617   176   187 D vold    : Remounting 10102 as mode default
04-21 18:16:10.622   176  1214 D vold    : Remounting 10059 as mode default
04-21 18:16:10.627   176   205 D vold    : Remounting 10110 as mode default
04-21 18:16:10.632   176  1210 D vold    : Remounting 10106 as mode write
04-21 18:16:10.639   176   189 D vold    : Remounting 1002 as mode write
04-21 18:16:10.643   176   189 D vold    : Found matching PID 223
04-21 18:16:10.643   176   189 W vold    : Skipping due to root namespace
04-21 18:16:10.644   176   189 D vold    : Found matching PID 1219
04-21 18:16:10.653   176   187 D vold    : Remounting 1001 as mode default
04-21 18:16:10.658   176   176 D vold    : Remounting 1001 as mode default
04-21 18:16:10.664   176   205 D vold    : Remounting 1001 as mode default
04-21 18:16:10.670   176  1214 D vold    : Remounting 10055 as mode default
04-21 18:16:10.674   176  1210 D vold    : Remounting 10051 as mode full
04-21 18:16:10.679   176   189 D vold    : Remounting 10051 as mode full
04-21 18:16:10.685   176   205 D vold    : Remounting 10051 as mode full
04-21 18:16:10.691   176  1214 D vold    : Remounting 10051 as mode full
04-21 18:16:10.697   176   187 D vold    : Remounting 10065 as mode full
04-21 18:16:10.705   176  1210 D vold    : Remounting 10087 as mode default
04-21 18:16:10.711   176   176 D vold    : Remounting 10097 as mode default
04-21 18:16:10.717   176   189 D vold    : Remounting 10091 as mode default
04-21 18:16:10.723   176   205 D vold    : Remounting 10049 as mode full
04-21 18:16:10.728   176  1214 D vold    : Remounting 10107 as mode default
04-21 18:16:10.734   176  1210 D vold    : Remounting 10096 as mode default
04-21 18:16:10.739   176   187 D vold    : Remounting 10094 as mode default
04-21 18:16:10.743   176   176 D vold    : Remounting 2000 as mode full
04-21 18:16:10.748   176   189 D vold    : Remounting 10104 as mode default
04-21 18:16:10.752   176   205 D vold    : Remounting 10099 as mode full
04-21 18:16:10.756   176   205 D vold    : Found matching PID 1239
04-21 18:16:10.764   176  1210 D vold    : Remounting 10088 as mode default
04-21 18:16:10.764   491   508 I chatty  : uid=1000(system) Binder:491_1 expire 3 lines
04-21 18:16:10.776   491  1170 I chatty  : uid=1000(system) NetworkStats expire 1 line
04-21 18:16:10.801   491  1301 I chatty  : uid=1000(system) Binder:491_3 expire 3 lines
04-21 18:16:10.846   491  1447 I chatty  : uid=1000(system) Binder:491_7 expire 4 lines
04-21 18:16:10.913   491   511 I chatty  : uid=1000(system) android.fg expire 2 lines
04-21 18:16:11.021   491   521 I chatty  : uid=1000(system) ActivityManager expire 7 lines
04-21 18:16:11.038   491   513 I chatty  : uid=1000(system) android.io expire 10 lines
04-21 18:16:11.217   491   519 I chatty  : uid=1000(system) android.bg expire 1 line
04-21 18:16:11.295   491  1518 I chatty  : uid=1000(system) BluetoothRouteM expire 1 line
04-21 18:16:11.396   491  1540 I chatty  : uid=1000(system) uteStateMachine expire 2 lines
04-21 18:16:11.428   491  1542 I chatty  : uid=1000(system) CallAudioModeSt expire 1 line
04-21 18:16:11.497   491   513 I chatty  : uid=1000(system) android.io expire 22 lines
04-21 18:16:11.499   491   491 I chatty  : uid=1000 system_server expire 60 lines
04-21 18:16:11.636   491   520 I chatty  : uid=1000(system) ActivityManager expire 1 line
04-21 18:16:11.680   491   511 I chatty  : uid=1000(system) android.fg expire 2 lines
04-21 18:16:11.703   491  1183 I chatty  : uid=1000(system) onProviders.ECP expire 2 lines
04-21 18:16:11.755   491  1333 I chatty  : uid=1000(system) Binder:491_4 expire 1 line
04-21 18:16:11.954   491  1447 I chatty  : uid=1000(system) Binder:491_7 expire 2 lines
04-21 18:16:11.970   491   524 I chatty  : uid=1000(system) batterystats-wo expire 5 lines
04-21 18:16:12.067  1239  1239 D SystemUIBootTiming: StartServicescom.android.systemui.SystemBars took to complete: 1605ms
04-21 18:16:12.072  1239  1469 E ActivityThread: Failed to find provider info for com.android.contacts
04-21 18:16:12.087  1239  1239 D SystemUIBootTiming: StartServicescom.android.systemui.usb.StorageNotification took to complete: 20ms
04-21 18:16:12.099   491   521 I chatty  : uid=1000(system) ActivityManager expire 1 line
04-21 18:16:12.112   491   515 I chatty  : uid=1000(system) android.anim expire 1 line
04-21 18:16:12.114   491   514 I chatty  : uid=1000(system) android.display expire 7 lines
04-21 18:16:12.144  1239  1239 D SystemUIBootTiming: StartServicescom.android.systemui.power.PowerUI took to complete: 58ms
04-21 18:16:12.159  1239  1239 D SystemUIBootTiming: StartServicescom.android.systemui.media.RingtonePlayer took to complete: 14ms
04-21 18:16:12.162  1239  1239 D SystemUIBootTiming: StartServicescom.android.systemui.keyboard.KeyboardUI took to complete: 3ms
04-21 18:16:12.193  1239  1239 D SystemUIBootTiming: StartServicescom.android.systemui.pip.PipUI took to complete: 32ms
04-21 18:16:12.196  1239  1239 D SystemUIBootTiming: StartServicescom.android.systemui.shortcut.ShortcutKeyDispatcher took to complete: 2ms
04-21 18:16:12.196  1239  1239 D SystemUIBootTiming: StartServicescom.android.systemui.VendorServices took to complete: 0ms
04-21 18:16:12.202  1239  1239 D SystemUIBootTiming: StartServicescom.android.systemui.util.leak.GarbageMonitor$Service took to complete: 6ms
04-21 18:16:12.204  1239  1239 D SystemUIBootTiming: StartServicescom.android.systemui.LatencyTester took to complete: 2ms
04-21 18:16:12.208  1239  1239 D SystemUIBootTiming: StartServicescom.android.systemui.globalactions.GlobalActionsComponent took to complete: 4ms
04-21 18:16:12.225  1239  1239 D SystemUIBootTiming: StartServicescom.android.systemui.ScreenDecorations took to complete: 17ms
04-21 18:16:12.250  1239  1239 D SystemUIBootTiming: StartServicescom.android.systemui.biometrics.BiometricDialogImpl took to complete: 25ms
04-21 18:16:12.251  1239  1239 D SystemUIBootTiming: StartServicescom.android.systemui.biometrics.FODCircleViewImpl took to complete: 1ms
04-21 18:16:12.253  1239  1239 D SystemUIBootTiming: StartServicescom.android.systemui.SliceBroadcastRelayHandler took to complete: 1ms
04-21 18:16:12.255  1239  1239 D SystemUIBootTiming: StartServicescom.android.systemui.SizeCompatModeActivityController took to complete: 2ms
04-21 18:16:12.268  1239  1239 D SystemUIBootTiming: StartServicescom.android.systemui.statusbar.notification.InstantAppNotifier took to complete: 13ms
04-21 18:16:12.494  1239  1239 D SystemUIBootTiming: StartServicescom.android.systemui.theme.ThemeOverlayController took to complete: 227ms
04-21 18:16:12.509  1239  1239 D SystemUIBootTiming: StartServices took to complete: 2977ms
04-21 18:16:12.618  1239  1382 E ActivityThread: Failed to find provider info for com.android.contacts
04-21 18:16:12.684  1239  1382 E ActivityThread: Failed to find provider info for com.android.contacts
04-21 18:16:13.089   491  1446 I chatty  : uid=1000(system) Binder:491_6 expire 2 lines
04-21 18:16:13.109  1219  1643 E ActivityThread: Failed to find provider info for com.android.contacts
04-21 18:16:13.192  1473  1473 E SystemConfig: SystemConfig is being accessed by a process other than system_server.
04-21 18:16:13.201   491  1654 I chatty  : uid=1000 system_server expire 1 line
04-21 18:16:13.321  1473  1473 W SystemConfig: No directory /product_services/etc/sysconfig, skipping
04-21 18:16:13.321  1473  1473 W SystemConfig: No directory /product_services/etc/permissions, skipping
04-21 18:16:13.328   491  1177 I chatty  : uid=1000(system) ConnectivitySer expire 3 lines
04-21 18:16:13.359  1473  1658 E ActivityThread: Failed to find provider info for com.android.contacts
04-21 18:16:13.406   491   509 I chatty  : uid=1000(system) Binder:491_2 expire 1 line
04-21 18:16:13.586   491  1301 I chatty  : uid=1000(system) Binder:491_3 expire 1 line
04-21 18:16:17.115  1219  1675 E ActivityThread: Failed to find provider info for com.android.contacts
04-21 18:16:19.134   491   533 I chatty  : uid=1000(system) PowerManagerSer expire 1 line
04-21 18:16:19.258   491   621 I chatty  : uid=1000(system) StorageManagerS expire 3 lines
04-21 18:16:19.258   491   514 I chatty  : uid=1000(system) android.display expire 9 lines
04-21 18:16:19.259   176   176 D vold    : fscrypt_unlock_user_key 0 serial=0 token_present=0
04-21 18:16:19.260   176   176 E vold    : Failed to chmod /data/system_ce/0: No such file or directory
04-21 18:16:19.260   176   176 E vold    : Failed to chmod /data/misc_ce/0: No such file or directory
04-21 18:16:19.262   491   520 I chatty  : uid=1000(system) ActivityManager expire 39 lines
04-21 18:16:19.266   491  1301 I chatty  : uid=1000(system) Binder:491_3 expire 1 line
04-21 18:16:19.270   491   511 I chatty  : uid=1000(system) android.fg expire 14 lines
04-21 18:16:19.276   491  1177 I chatty  : uid=1000(system) ConnectivitySer expire 2 lines
04-21 18:16:19.286   176   189 D vold    : Waiting for FUSE to spin up...
04-21 18:16:19.287   491   491 I chatty  : uid=1000 system_server expire 14 lines
04-21 18:16:19.302   289   289 W wificond: Failed to get NL80211_ATTR_EXT_FEATURES
04-21 18:16:19.324   289   289 W wificond: Failed to get NL80211_ATTR_EXT_FEATURES
04-21 18:16:19.337   176   189 D vold    : Waiting for FUSE to spin up...
04-21 18:16:19.339   289   289 W wificond: Failed to get NL80211_ATTR_EXT_FEATURES
04-21 18:16:19.387   176   189 D vold    : Waiting for FUSE to spin up...
04-21 18:16:19.398  1677  1677 W sdcard  : Device explicitly enabled sdcardfs
04-21 18:16:19.477   176  1210 D vold    : fscrypt_prepare_user_storage for volume null, user 0, serial 0, flags 2
04-21 18:16:19.478   176  1210 D vold    : Preparing: /data/system_ce/0
04-21 18:16:19.479   176  1210 D vold    : Preparing: /data/misc_ce/0
04-21 18:16:19.484   491   513 I chatty  : uid=1000(system) android.io expire 14 lines
04-21 18:16:19.487   176  1210 D vold    : Preparing: /data/vendor_ce/0
04-21 18:16:19.488   176  1210 D vold    : Preparing: /data/media/0
04-21 18:16:19.488   176  1210 D vold    : Preparing: /data/data
04-21 18:16:19.488   176  1210 D vold    : Starting restorecon of /data/system_ce/0
04-21 18:16:19.516   176  1210 D vold    : Finished restorecon of /data/system_ce/0
04-21 18:16:19.516   176  1210 D vold    : Starting restorecon of /data/vendor_ce/0
04-21 18:16:19.528   176  1210 D vold    : Finished restorecon of /data/vendor_ce/0
04-21 18:16:19.528   176  1210 D vold    : Starting restorecon of /data/misc_ce/0
04-21 18:16:19.541   176  1210 D vold    : Finished restorecon of /data/misc_ce/0
04-21 18:16:19.541   176  1210 D vold    : /system/bin/vold_prepare_subdirs
04-21 18:16:19.541   176  1210 D vold    :     prepare
04-21 18:16:19.541   176  1210 D vold    :     
04-21 18:16:19.541   176  1210 D vold    :     0
04-21 18:16:19.541   176  1210 D vold    :     2
04-21 18:16:19.619   491   521 I chatty  : uid=1000(system) ActivityManager expire 13 lines
04-21 18:16:20.004   491  1333 I chatty  : uid=1000(system) Binder:491_4 expire 3 lines
04-21 18:16:20.009   491  1447 I chatty  : uid=1000(system) Binder:491_7 expire 3 lines
04-21 18:16:20.298   491   532 I chatty  : uid=1000(system) CpuTracker expire 4 lines
04-21 18:16:20.839   176   189 D vold    : Linking /storage/emulated/0 to /mnt/user/0/primary
04-21 18:16:20.840   491   520 I chatty  : uid=1000(system) ActivityManager expire 75 lines
04-21 18:16:20.845   491   511 I chatty  : uid=1000(system) android.fg expire 3 lines
04-21 18:16:20.861   491   512 I chatty  : uid=1000(system) android.ui expire 2 lines
04-21 18:16:20.864   491   491 I chatty  : uid=1000 system_server expire 8 lines
04-21 18:16:20.876   491  1194 I chatty  : uid=1000(system) backup expire 3 lines
04-21 18:16:20.889   491   513 I chatty  : uid=1000(system) android.io expire 3 lines
04-21 18:16:20.895   491   508 I chatty  : uid=1000(system) Binder:491_1 expire 1 line
04-21 18:16:20.910   491   521 I chatty  : uid=1000(system) ActivityManager expire 10 lines
04-21 18:16:21.006   491   514 I chatty  : uid=1000(system) android.display expire 2 lines
04-21 18:16:21.087   491  1447 I chatty  : uid=1000(system) Binder:491_7 expire 6 lines
04-21 18:16:21.101   491   513 I chatty  : uid=1000(system) android.io expire 20 lines
04-21 18:16:21.107   491   491 I chatty  : uid=1000 system_server expire 5 lines
04-21 18:16:21.121   491  1334 I chatty  : uid=1000(system) Binder:491_5 expire 1 line
04-21 18:16:21.123   491   512 I chatty  : uid=1000(system) android.ui expire 2 lines
04-21 18:16:21.159   491   521 I chatty  : uid=1000(system) ActivityManager expire 24 lines
04-21 18:16:21.223   491  1333 I chatty  : uid=1000(system) Binder:491_4 expire 8 lines
04-21 18:16:21.225   491  1446 I chatty  : uid=1000(system) Binder:491_6 expire 14 lines
04-21 18:16:21.243   491  1199 I chatty  : uid=1000(system) SyncManager expire 1 line
04-21 18:16:21.277   491  1760 I chatty  : uid=1000(system) Binder:491_8 expire 7 lines
04-21 18:16:21.280   491  1301 I chatty  : uid=1000(system) Binder:491_3 expire 3 lines
04-21 18:16:21.402   491   508 I chatty  : uid=1000(system) Binder:491_1 expire 6 lines
04-21 18:16:21.472   491   621 I chatty  : uid=1000(system) StorageManagerS expire 1 line
04-21 18:16:21.568   491  1194 I chatty  : uid=1000(system) backup expire 5 lines
04-21 18:16:21.851  1833  1833 D ActivityThread: Loading provider contacts;com.android.contacts: com.android.providers.contacts.ContactsProvider2
04-21 18:16:22.133   491  1765 I chatty  : uid=1000(system) backup-0 expire 10 lines
--------- beginning of main
04-21 18:16:22.156  1764  1764 I ProvidersCache: Updating roots due to change at content://com.android.externalstorage.documents
04-21 18:16:22.221  1239  1255 I ndroid.systemu: Background concurrent copying GC freed 19359(999KB) AllocSpace objects, 0(0B) LOS objects, 29% free, 4854KB/6902KB, paused 82us total 602.530ms
04-21 18:16:22.282   220   220 D Zygote  : Forked child process 1939
04-21 18:16:22.289  1939  1939 I Zygote  : seccomp disabled by setenforce 0
04-21 18:16:22.340  1907  1907 V MediaProvider: onCreate() for internal.db
04-21 18:16:22.349  1572  1937 I chatty  : uid=10088(com.google.android.inputmethod.latin) GoogleApiHandle expire 23 lines
04-21 18:16:22.374  1907  1959 D ActivityThread: Loading provider downloads: com.android.providers.downloads.DownloadProvider
04-21 18:16:22.428   491  1334 I chatty  : uid=1000(system) Binder:491_5 expire 2 lines
04-21 18:16:22.451  1833  1936 I chatty  : uid=10061(com.android.providers.blockednumber) Worker-1 expire 15 lines
04-21 18:16:22.453  1833  1935 I chatty  : uid=10061(com.android.providers.blockednumber) Worker-1 expire 9 lines
04-21 18:16:22.454  1833  1880 I chatty  : uid=10061(com.android.providers.blockednumber) Worker-1 expire 3 lines
04-21 18:16:22.456  1572  1962 I chatty  : uid=10088(com.google.android.inputmethod.latin) sp-control-1 expire 10 lines
04-21 18:16:22.514   167   167 I ServiceManager: service 'idmap' died
04-21 18:16:22.530  1907  1907 I DownloadManager: Upgrading downloads database from version 0 to version 114, which will destroy all old data
04-21 18:16:22.563  1572  1964 I chatty  : uid=10088(com.google.android.inputmethod.latin) DFacilitator-1 expire 3 lines
04-21 18:16:22.612  1907  1959 D DownloadStorageProvider: Revoking permissions for uris: 
04-21 18:16:22.618  1572  1967 I chatty  : uid=10088(com.google.android.inputmethod.latin) ExUtils-F-P2-1 expire 1 line
04-21 18:16:22.651   491  1868 I chatty  : uid=1000(system) Binder:491_A expire 2 lines
04-21 18:16:22.672  1907  1968 I MediaProvider: Begin Intent { act=android.intent.action.MEDIA_MOUNTED dat=file:///storage/emulated/0 flg=0x5000010 cmp=com.android.providers.media/.MediaService (has extras) }
04-21 18:16:22.779  1907  1926 V MediaProvider: onCreate() for external.db
04-21 18:16:22.789  1907  1959 D DownloadStorageProvider: Revoking permissions for uris: 
04-21 18:16:22.820  1907  1968 W ModernMediaScanner: Failed to visit /oem/media: java.nio.file.NoSuchFileException: /oem/media
04-21 18:16:22.966   220   220 D Zygote  : Forked child process 1973
04-21 18:16:22.973  1973  1973 I chatty  : uid=10106(com.android.exchange) expire 14 lines
04-21 18:16:22.975  1973  1973 I Zygote  : seccomp disabled by setenforce 0
04-21 18:16:23.048   491   519 I chatty  : uid=1000(system) android.bg expire 19 lines
04-21 18:16:23.086  1572  1572 I chatty  : uid=10088(com.google.android.inputmethod.latin) expire 42 lines
04-21 18:16:23.127  1219  1219 D BluetoothPbapService:  onChange on contact uri 
04-21 18:16:23.132  1219  1219 D BluetoothPbapService:  onChange on contact uri 
04-21 18:16:23.142  1219  1994 D BluetoothPbapUtils: primaryVersionCounter = 0, secondaryVersionCounter=0
04-21 18:16:23.149  1995  1995 I chatty  : uid=10110(com.android.email) expire 6 lines
04-21 18:16:23.149  1995  1995 I Zygote  : seccomp disabled by setenforce 0
04-21 18:16:23.154   220   220 D Zygote  : Forked child process 1995
04-21 18:16:23.212  2015  2015 I Zygote  : seccomp disabled by setenforce 0
04-21 18:16:23.220   220   220 D Zygote  : Forked child process 2015
04-21 18:16:23.358   491   519 I chatty  : uid=1000(system) android.bg expire 3 lines
04-21 18:16:23.423  1995  2041 D ActivityThread: Loading provider com.android.email.provider;com.android.email.notifier: com.android.email.provider.EmailProvider
04-21 18:16:23.424  1572  1626 I chatty  : uid=10088(com.google.android.inputmethod.latin) ExUtils-F-P1-2 expire 3 lines
04-21 18:16:23.447  1572  2040 I chatty  : uid=10088(com.google.android.inputmethod.latin) ExUtils-F-P9-4 expire 1 line
04-21 18:16:23.450  1907  1920 I d.process.medi: ThreadFlipBegin blocked for 13.234ms
04-21 18:16:23.463  1907  1968 I d.process.medi: IncrementDisableThreadFlip blocked for 25.795ms
04-21 18:16:23.474  1572  1966 I chatty  : uid=10088(com.google.android.inputmethod.latin) ExUtils-P10-1 expire 7 lines
04-21 18:16:23.500  1572  2042 I chatty  : uid=10088(com.google.android.inputmethod.latin) ExUtils-F-P10-4 expire 1 line
04-21 18:16:23.505  1572  2034 I chatty  : uid=10088(com.google.android.inputmethod.latin) ExUtils-F-P9-3 expire 2 lines
04-21 18:16:23.578  1907  1922 D StrictMode: StrictMode policy violation: android.os.strictmode.LeakedClosableViolation: A resource was acquired at attached stack trace but never released. See java.io.Closeable for information on avoiding resource leaks.
04-21 18:16:23.578  1907  1922 D StrictMode: 	at android.os.StrictMode$AndroidCloseGuardReporter.report(StrictMode.java:1877)
04-21 18:16:23.578  1907  1922 D StrictMode: 	at dalvik.system.CloseGuard.warnIfOpen(CloseGuard.java:286)
04-21 18:16:23.578  1907  1922 D StrictMode: 	at android.database.sqlite.SQLiteDatabase.dispose(SQLiteDatabase.java:341)
04-21 18:16:23.578  1907  1922 D StrictMode: 	at android.database.sqlite.SQLiteDatabase.finalize(SQLiteDatabase.java:325)
04-21 18:16:23.578  1907  1922 D StrictMode: 	at java.lang.Daemons$FinalizerDaemon.doFinalize(Daemons.java:289)
04-21 18:16:23.578  1907  1922 D StrictMode: 	at java.lang.Daemons$FinalizerDaemon.runInternal(Daemons.java:276)
04-21 18:16:23.578  1907  1922 D StrictMode: 	at java.lang.Daemons$Daemon.run(Daemons.java:137)
04-21 18:16:23.578  1907  1922 D StrictMode: 	at java.lang.Thread.run(Thread.java:919)
04-21 18:16:23.578  1907  1922 D StrictMode: Caused by: java.lang.Throwable: Explicit termination method 'close' not called
04-21 18:16:23.578  1907  1922 D StrictMode: 	at dalvik.system.CloseGuard.open(CloseGuard.java:237)
04-21 18:16:23.578  1907  1922 D StrictMode: 	at android.database.sqlite.SQLiteDatabase.openInner(SQLiteDatabase.java:916)
04-21 18:16:23.578  1907  1922 D StrictMode: 	at android.database.sqlite.SQLiteDatabase.open(SQLiteDatabase.java:895)
04-21 18:16:23.578  1907  1922 D StrictMode: 	at android.database.sqlite.SQLiteDatabase.openDatabase(SQLiteDatabase.java:759)
04-21 18:16:23.578  1907  1922 D StrictMode: 	at android.database.sqlite.SQLiteDatabase.openDatabase(SQLiteDatabase.java:748)
04-21 18:16:23.578  1907  1922 D StrictMode: 	at android.database.sqlite.SQLiteOpenHelper.getDatabaseLocked(SQLiteOpenHelper.java:374)
04-21 18:16:23.578  1907  1922 D StrictMode: 	at android.database.sqlite.SQLiteOpenHelper.getReadableDatabase(SQLiteOpenHelper.java:341)
04-21 18:16:23.578  1907  1922 D StrictMode: 	at com.android.providers.downloads.DownloadProvider.reconcileRemovedUidEntries(DownloadProvider.java:656)
04-21 18:16:23.578  1907  1922 D StrictMode: 	at com.android.providers.downloads.DownloadProvider.onCreate(DownloadProvider.java:647)
04-21 18:16:23.578  1907  1922 D StrictMode: 	at android.content.ContentProvider.attachInfo(ContentProvider.java:2092)
04-21 18:16:23.578  1907  1922 D StrictMode: 	at android.content.ContentProvider.attachInfo(ContentProvider.java:2066)
04-21 18:16:23.578  1907  1922 D StrictMode: 	at android.app.ActivityThread.installProvider(ActivityThread.java:6983)
04-21 18:16:23.578  1907  1922 D StrictMode: 	at android.app.ActivityThread.acquireProvider(ActivityThread.java:6574)
04-21 18:16:23.578  1907  1922 D StrictMode: 	at android.app.ContextImpl$ApplicationContentResolver.acquireProvider(ContextImpl.java:2715)
04-21 18:16:23.578  1907  1922 D StrictMode: 	at android.content.ContentResolver.acquireProvider(ContentResolver.java:2101)
04-21 18:16:23.578  1907  1922 D StrictMode: 	at android.content.ContentResolver.acquireContentProviderClient(ContentResolver.java:2167)
04-21 18:16:23.578  1907  1922 D StrictMode: 	at com.android.providers.media.MediaProvider.lambda$createLatestSchema$3(MediaProvider.java:1014)
04-21 18:16:23.578  1907  1922 D StrictMode: 	at com.android.providers.media.-$$Lambda$MediaProvider$zwqYorahwz9cSWratn5aFT2yQKA.run(Unknown Source:0)
04-21 18:16:23.578  1907  1922 D StrictMode: 	at android.os.Handler.handleCallback(Handler.java:883)
04-21 18:16:23.578  1907  1922 D StrictMode: 	at android.os.Handler.dispatchMessage(Handler.java:100)
04-21 18:16:23.578  1907  1922 D StrictMode: 	at android.os.Looper.loop(Looper.java:214)
04-21 18:16:23.578  1907  1922 D StrictMode: 	at android.os.HandlerThread.run(HandlerThread.java:67)
04-21 18:16:23.584  1473  1491 W TelephonyPermissions: reportAccessDeniedToReadIdentifiers:com.android.email:getDeviceId:isPreinstalled=true:isPrivApp=false
04-21 18:16:23.602  1572  2039 I chatty  : uid=10088(com.google.android.inputmethod.latin) ExUtils-F-P19-2 expire 7 lines
04-21 18:16:23.661  1995  2046 D ActivityThread: Loading provider com.android.email.provider;com.android.email.notifier: com.android.email.provider.EmailProvider
04-21 18:16:23.670  1995  2044 D ActivityThread: Loading provider com.android.email.provider;com.android.email.notifier: com.android.email.provider.EmailProvider
04-21 18:16:23.675  1995  1995 D ActivityThread: Loading provider com.android.email.provider;com.android.email.notifier: com.android.email.provider.EmailProvider
04-21 18:16:23.739  1907  1925 W d.process.medi: Long monitor contention with owner Binder:1907_3 (1926) at void android.database.sqlite.SQLiteConnection.nativeExecute(long, long)(SQLiteConnection.java:-2) waiters=0 in android.database.sqlite.SQLiteDatabase android.database.sqlite.SQLiteOpenHelper.getReadableDatabase() for 1.034s
04-21 18:16:23.787   491  1871 I chatty  : uid=1000(system) Binder:491_C expire 2 lines
04-21 18:16:23.792   491  1870 I chatty  : uid=1000(system) Binder:491_B expire 2 lines
04-21 18:16:23.797   491   509 I chatty  : uid=1000(system) Binder:491_2 expire 2 lines
04-21 18:16:23.815  1995  2044 I chatty  : uid=10110(com.android.email) expire 1 line
04-21 18:16:23.837   491  1787 I chatty  : uid=1000(system) Binder:491_9 expire 2 lines
04-21 18:16:23.837   491  1787 D PackageManager: Clear ephemeral installer activity
04-21 18:16:23.838   491  1334 D PackageManager: Instant App installer not found with android.intent.action.INSTALL_INSTANT_APP_PACKAGE_TEST
04-21 18:16:23.838   491  1334 D PackageManager: Instant App installer not found with android.intent.action.INSTALL_INSTANT_APP_PACKAGE
04-21 18:16:23.838   491  1334 D PackageManager: Clear ephemeral installer activity
04-21 18:16:23.845  1995  2057 I chatty  : uid=10110(com.android.email) EmailNotificati expire 1 line
04-21 18:16:23.862  1572  2056 I chatty  : uid=10088(com.google.android.inputmethod.latin) sp-download-1 expire 1 line
04-21 18:16:23.863  1973  2059 I chatty  : uid=10106(com.android.exchange) AsyncTask #1 expire 1 line
04-21 18:16:23.868  1995  2052 I chatty  : uid=10110(com.android.email) expire 1 line
04-21 18:16:23.892   491   513 I DropBoxManagerService: add tag=system_app_strictmode isTagEnabled=true flags=0x2
04-21 18:16:23.900   491  1334 I ActivityTaskManager: START u0 {act=com.android.wizard.NEXT cmp=org.lineageos.setupwizard/.wizardmanager.WizardManager (has extras)} from uid 1000
04-21 18:16:23.901   491   513 I DropBoxManagerService: add tag=system_app_strictmode isTagEnabled=true flags=0x2
04-21 18:16:23.909   491   513 I chatty  : uid=1000(system) android.io identical 1 line
04-21 18:16:23.928   491   513 I DropBoxManagerService: add tag=system_app_strictmode isTagEnabled=true flags=0x2
04-21 18:16:23.931   239   239 D AF::TrackHandle: OpPlayAudio: track:55 usage:13 not muted
04-21 18:16:23.932   491  1187 I chatty  : uid=1000(system) AudioService expire 1 line
04-21 18:16:23.963   491  1334 I ActivityTaskManager: START u0 {act=org.lineageos.setupwizard.LINEAGE_LOCALE flg=0x4000000 cmp=org.lineageos.setupwizard/.LocaleActivity (has extras)} from uid 1000
04-21 18:16:23.967   491   513 I DropBoxManagerService: add tag=system_app_strictmode isTagEnabled=true flags=0x2
04-21 18:16:23.974   491   513 I chatty  : uid=1000(system) android.io identical 1 line
04-21 18:16:23.979   491   513 I DropBoxManagerService: add tag=system_app_strictmode isTagEnabled=true flags=0x2
04-21 18:16:24.037  1995  2054 I chatty  : uid=10110(com.android.email) expire 1 line
04-21 18:16:24.063  1973  1973 I Exchange: RestartPingsTask did not start any pings.
04-21 18:16:24.063  1973  1973 I Exchange: PSS stopIfIdle
04-21 18:16:24.063  1973  1973 I Exchange: PSS has no active accounts; stopping service.
04-21 18:16:24.077   491  1735 E TaskPersister: File error accessing recents directory (directory doesn't exist?).
04-21 18:16:24.077   491  1735 E TaskPersister: File error accessing recents directory (directory doesn't exist?).
04-21 18:16:24.089  1572  1886 I chatty  : uid=10088(com.google.android.inputmethod.latin) ExUtils-F-P9-2 expire 1 line
04-21 18:16:24.105  1973  1973 I Exchange: onDestroy
04-21 18:16:24.253   220   220 D Zygote  : Forked child process 2072
04-21 18:16:24.255   491   521 I ActivityManager: Start proc 2072:com.android.shell/2000 for content provider {com.android.shell/com.android.shell.BugreportStorageProvider}
04-21 18:16:24.259  2072  2072 I main    : type=1400 audit(0.0:280): avc: denied { write } for name="tasks" dev="tmpfs" ino=11729 scontext=u:r:zygote:s0 tcontext=u:object_r:device:s0 tclass=file permissive=1
04-21 18:16:24.260  2072  2072 I main    : type=1400 audit(0.0:281): avc: denied { open } for path="/dev/stune/foreground/tasks" dev="tmpfs" ino=11729 scontext=u:r:zygote:s0 tcontext=u:object_r:device:s0 tclass=file permissive=1
04-21 18:16:24.261  2072  2072 I Zygote  : seccomp disabled by setenforce 0
04-21 18:16:24.476  1572  2094 I chatty  : uid=10088(com.google.android.inputmethod.latin) ExUtils-F-P5-3 expire 1 line
04-21 18:16:24.778   220   220 D Zygote  : Forked child process 2095
04-21 18:16:24.781   491   521 I ActivityManager: Start proc 2095:com.android.localtransport/1000 for service {com.android.localtransport/com.android.localtransport.LocalTransportService}
04-21 18:16:24.785  2095  2095 I Zygote  : seccomp disabled by setenforce 0
04-21 18:16:24.789  1572  1660 I chatty  : uid=10088(com.google.android.inputmethod.latin) ExUtils-F-P1-4 expire 1 line
04-21 18:16:24.916   491   491 I TransportClient: LocalTransportService#0: Notifying [TransportManager.registerTransport()] transport = IBackupTransport
04-21 18:16:24.926   491  1765 D BackupTransportManager: Transport com.android.localtransport/.LocalTransportService registered
04-21 18:16:24.926   491  1765 D BackupManagerService: Transport com.android.localtransport/.LocalTransport registered 3240ms after first request (delay = 3000ms)
04-21 18:16:24.959   220   220 D Zygote  : Forked child process 2116
04-21 18:16:24.961   491   521 I ActivityManager: Start proc 2116:com.stevesoltys.seedvault/u0a64 for service {com.stevesoltys.seedvault/com.stevesoltys.seedvault.transport.ConfigurableBackupTransportService}
04-21 18:16:24.964  2116  2116 I Zygote  : seccomp disabled by setenforce 0
04-21 18:16:24.978  1572  2122 I chatty  : uid=10088(com.google.android.inputmethod.latin) ExUtils-F-P5-4 expire 1 line
04-21 18:16:24.982  1572  1620 I chatty  : uid=10088(com.google.android.inputmethod.latin) ExUtils-P9-1 expire 1 line
04-21 18:16:25.009   243   243 I hwc_eventmon: type=1400 audit(0.0:284): avc: denied { ioctl } for path="/dev/nvhost-ctrl" dev="tmpfs" ino=7245 ioctlcmd=4801 scontext=u:r:surfaceflinger:s0 tcontext=u:object_r:device:s0 tclass=chr_file permissive=1
04-21 18:16:25.116  2116  2116 I [Koin]  : [init] declare Android Context
04-21 18:16:25.119  2116  2116 I [Koin]  : bind type:'android.content.Context' ~ [type:Single,primary_type:'android.content.Context']
04-21 18:16:25.120  2116  2116 I [Koin]  : bind type:'android.app.Application' ~ [type:Single,primary_type:'android.app.Application']
04-21 18:16:25.138  2116  2116 I [Koin]  : bind type:'com.stevesoltys.seedvault.crypto.CipherFactory' ~ [type:Factory,primary_type:'com.stevesoltys.seedvault.crypto.CipherFactory']
04-21 18:16:25.139  2116  2116 I [Koin]  : bind type:'com.stevesoltys.seedvault.crypto.KeyManager' ~ [type:Single,primary_type:'com.stevesoltys.seedvault.crypto.KeyManager']
04-21 18:16:25.139  2116  2116 I [Koin]  : bind type:'com.stevesoltys.seedvault.crypto.Crypto' ~ [type:Single,primary_type:'com.stevesoltys.seedvault.crypto.Crypto']
04-21 18:16:25.139  2116  2116 I [Koin]  : bind type:'com.stevesoltys.seedvault.header.HeaderWriter' ~ [type:Single,primary_type:'com.stevesoltys.seedvault.header.HeaderWriter']
04-21 18:16:25.139  2116  2116 I [Koin]  : bind type:'com.stevesoltys.seedvault.header.HeaderReader' ~ [type:Single,primary_type:'com.stevesoltys.seedvault.header.HeaderReader']
04-21 18:16:25.139  2116  2116 I [Koin]  : bind type:'com.stevesoltys.seedvault.metadata.MetadataManager' ~ [type:Single,primary_type:'com.stevesoltys.seedvault.metadata.MetadataManager']
04-21 18:16:25.140  2116  2116 I [Koin]  : bind type:'com.stevesoltys.seedvault.metadata.MetadataWriter' ~ [type:Single,primary_type:'com.stevesoltys.seedvault.metadata.MetadataWriter']
04-21 18:16:25.140  2116  2116 I [Koin]  : bind type:'com.stevesoltys.seedvault.metadata.MetadataReader' ~ [type:Single,primary_type:'com.stevesoltys.seedvault.metadata.MetadataReader']
04-21 18:16:25.140  2116  2116 I [Koin]  : bind type:'com.stevesoltys.seedvault.plugins.saf.DocumentsStorage' ~ [type:Single,primary_type:'com.stevesoltys.seedvault.plugins.saf.DocumentsStorage']
04-21 18:16:25.140  2116  2116 I [Koin]  : bind type:'com.stevesoltys.seedvault.transport.backup.KVBackupPlugin' ~ [type:Single,primary_type:'com.stevesoltys.seedvault.transport.backup.KVBackupPlugin']
04-21 18:16:25.142  2116  2116 I [Koin]  : bind type:'com.stevesoltys.seedvault.transport.backup.FullBackupPlugin' ~ [type:Single,primary_type:'com.stevesoltys.seedvault.transport.backup.FullBackupPlugin']
04-21 18:16:25.142  2116  2116 I [Koin]  : bind type:'com.stevesoltys.seedvault.transport.backup.BackupPlugin' ~ [type:Single,primary_type:'com.stevesoltys.seedvault.transport.backup.BackupPlugin']
04-21 18:16:25.142  2116  2116 I [Koin]  : bind type:'com.stevesoltys.seedvault.transport.restore.KVRestorePlugin' ~ [type:Single,primary_type:'com.stevesoltys.seedvault.transport.restore.KVRestorePlugin']
04-21 18:16:25.142  2116  2116 I [Koin]  : bind type:'com.stevesoltys.seedvault.transport.restore.FullRestorePlugin' ~ [type:Single,primary_type:'com.stevesoltys.seedvault.transport.restore.FullRestorePlugin']
04-21 18:16:25.143  2116  2116 I [Koin]  : bind type:'com.stevesoltys.seedvault.transport.restore.RestorePlugin' ~ [type:Single,primary_type:'com.stevesoltys.seedvault.transport.restore.RestorePlugin']
04-21 18:16:25.143  2116  2116 I [Koin]  : bind type:'com.stevesoltys.seedvault.transport.backup.InputFactory' ~ [type:Single,primary_type:'com.stevesoltys.seedvault.transport.backup.InputFactory']
04-21 18:16:25.143  2116  2116 I [Koin]  : bind type:'com.stevesoltys.seedvault.transport.backup.PackageService' ~ [type:Single,primary_type:'com.stevesoltys.seedvault.transport.backup.PackageService']
04-21 18:16:25.143  2116  2116 I [Koin]  : bind type:'com.stevesoltys.seedvault.transport.backup.ApkBackup' ~ [type:Single,primary_type:'com.stevesoltys.seedvault.transport.backup.ApkBackup']
04-21 18:16:25.143  2116  2116 I [Koin]  : bind type:'com.stevesoltys.seedvault.transport.backup.KVBackup' ~ [type:Single,primary_type:'com.stevesoltys.seedvault.transport.backup.KVBackup']
04-21 18:16:25.144  2116  2116 I [Koin]  : bind type:'com.stevesoltys.seedvault.transport.backup.FullBackup' ~ [type:Single,primary_type:'com.stevesoltys.seedvault.transport.backup.FullBackup']
04-21 18:16:25.144  2116  2116 I [Koin]  : bind type:'com.stevesoltys.seedvault.transport.backup.BackupCoordinator' ~ [type:Single,primary_type:'com.stevesoltys.seedvault.transport.backup.BackupCoordinator']
04-21 18:16:25.144  2116  2116 I [Koin]  : bind type:'com.stevesoltys.seedvault.transport.restore.OutputFactory' ~ [type:Single,primary_type:'com.stevesoltys.seedvault.transport.restore.OutputFactory']
04-21 18:16:25.144  2116  2116 I [Koin]  : bind type:'com.stevesoltys.seedvault.transport.restore.ApkRestore' ~ [type:Factory,primary_type:'com.stevesoltys.seedvault.transport.restore.ApkRestore']
04-21 18:16:25.145  2116  2116 I [Koin]  : bind type:'com.stevesoltys.seedvault.transport.restore.KVRestore' ~ [type:Single,primary_type:'com.stevesoltys.seedvault.transport.restore.KVRestore']
04-21 18:16:25.145  2116  2116 I [Koin]  : bind type:'com.stevesoltys.seedvault.transport.restore.FullRestore' ~ [type:Single,primary_type:'com.stevesoltys.seedvault.transport.restore.FullRestore']
04-21 18:16:25.145  2116  2116 I [Koin]  : bind type:'com.stevesoltys.seedvault.transport.restore.RestoreCoordinator' ~ [type:Single,primary_type:'com.stevesoltys.seedvault.transport.restore.RestoreCoordinator']
04-21 18:16:25.145  2116  2116 I [Koin]  : bind type:'com.stevesoltys.seedvault.settings.SettingsManager' ~ [type:Single,primary_type:'com.stevesoltys.seedvault.settings.SettingsManager']
04-21 18:16:25.145  2116  2116 I [Koin]  : bind type:'com.stevesoltys.seedvault.ui.notification.BackupNotificationManager' ~ [type:Single,primary_type:'com.stevesoltys.seedvault.ui.notification.BackupNotificationManager']
04-21 18:16:25.146  2116  2116 I [Koin]  : bind type:'com.stevesoltys.seedvault.Clock' ~ [type:Single,primary_type:'com.stevesoltys.seedvault.Clock']
04-21 18:16:25.146  2116  2116 I [Koin]  : bind type:'android.app.backup.IBackupManager' ~ [type:Factory,primary_type:'android.app.backup.IBackupManager']
04-21 18:16:25.146  2116  2116 I [Koin]  : bind type:'com.stevesoltys.seedvault.settings.SettingsViewModel' ~ [type:Factory,primary_type:'com.stevesoltys.seedvault.settings.SettingsViewModel']
04-21 18:16:25.146  2116  2116 I [Koin]  : bind type:'com.stevesoltys.seedvault.ui.recoverycode.RecoveryCodeViewModel' ~ [type:Factory,primary_type:'com.stevesoltys.seedvault.ui.recoverycode.RecoveryCodeViewModel']
04-21 18:16:25.147  2116  2116 I [Koin]  : bind type:'com.stevesoltys.seedvault.ui.storage.BackupStorageViewModel' ~ [type:Factory,primary_type:'com.stevesoltys.seedvault.ui.storage.BackupStorageViewModel']
04-21 18:16:25.147  2116  2116 I [Koin]  : bind type:'com.stevesoltys.seedvault.ui.storage.RestoreStorageViewModel' ~ [type:Factory,primary_type:'com.stevesoltys.seedvault.ui.storage.RestoreStorageViewModel']
04-21 18:16:25.147  2116  2116 I [Koin]  : bind type:'com.stevesoltys.seedvault.restore.RestoreViewModel' ~ [type:Factory,primary_type:'com.stevesoltys.seedvault.restore.RestoreViewModel']
04-21 18:16:25.147  2116  2116 I [Koin]  : total 37 registered definitions
04-21 18:16:25.147  2116  2116 I [Koin]  : load modules in 8.99775 ms
04-21 18:16:25.164  2116  2116 D MetadataManager: Cached metadata not found, creating...
04-21 18:16:25.179  2116  2116 D ConfigurableBackupTransportService: Service created.
04-21 18:16:25.180  2116  2116 D ConfigurableBackupTransportService: Transport bound.
04-21 18:16:25.182   491   491 I TransportClient: ConfigurableBackupTransportService#1: Notifying [TransportManager.registerTransport()] transport = IBackupTransport
04-21 18:16:25.188   491  1765 D BackupTransportManager: Transport com.stevesoltys.seedvault/.transport.ConfigurableBackupTransportService registered
04-21 18:16:25.188   491  1765 D BackupManagerService: Transport com.stevesoltys.seedvault.transport.ConfigurableBackupTransport registered 3502ms after first request (delay = 3000ms)
04-21 18:16:25.215  2116  2116 D ConfigurableBackupTransportService: Service destroyed.
04-21 18:16:25.217   491  1760 I ActivityTaskManager: START u0 {act=com.android.wizard.NEXT cmp=org.lineageos.setupwizard/.wizardmanager.WizardManager (has extras)} from uid 1000
04-21 18:16:25.252   491  1870 I ActivityTaskManager: START u0 {act=org.lineageos.setupwizard.LINEAGE_DATETIME flg=0x4000000 cmp=org.lineageos.setupwizard/.DateTimeActivity (has extras)} from uid 1000
04-21 18:16:25.406   491   509 I chatty  : uid=1000(system) Binder:491_2 expire 1 line
04-21 18:16:25.417   491   491 D ConditionProviders.SCP: onReceive android.intent.action.TIMEZONE_CHANGED
04-21 18:16:25.418   491   491 D ConditionProviders.SCP: evaluateSubscriptionLocked cal=ScheduleCalendar[mDays={1, 2, 3, 4, 5, 6, 7}, mSchedule=ScheduleInfo{days=[1, 2, 3, 4, 5, 6, 7], startHour=22, startMinute=0, endHour=7, endMinute=0, exitAtAlarm=true, nextAlarm=Wed Dec 31 13:00:00 GMT-11:00 1969 (0)}], now=Tue Apr 21 18:16:25 GMT-11:00 2026 (1776834985417), nextUserAlarmTime=Wed Dec 31 13:00:00 GMT-11:00 1969 (0)
04-21 18:16:25.418   491   491 D ConditionProviders.SCP: notifyCondition condition://android/schedule?days=1.2.3.4.5.6.7&start=22.0&end=7.0&exitAtAlarm=true STATE_FALSE reason=!meetsSchedule
04-21 18:16:25.419   491   491 D ConditionProviders.SCP: Scheduling evaluate for Tue Apr 21 22:00:00 GMT-11:00 2026 (1776848400000), in +3h43m34s583ms, now=Tue Apr 21 18:16:25 GMT-11:00 2026 (1776834985417)
04-21 18:16:25.420   491   491 V SettingsProvider: Notifying for 0: content://settings/secure/snoozed_schedule_condition_provider
04-21 18:16:25.422  1239  1239 D KeyguardClockSwitch: Updating clock: 5:16
04-21 18:16:25.448   491   491 V SettingsProvider: Notifying for 0: content://settings/global/zen_mode_config_etag
04-21 18:16:25.464   239   311 D AF::TrackHandle: OpPlayAudio: track:55 usage:13 not muted
04-21 18:16:25.485  1239  1239 I RenderThread: type=1400 audit(0.0:289): avc: denied { ioctl } for path="/dev/nvmap" dev="tmpfs" ino=11234 ioctlcmd=4e08 scontext=u:r:platform_app:s0:c512,c768 tcontext=u:object_r:device:s0 tclass=chr_file permissive=1 app=com.android.systemui
04-21 18:16:25.492   239   311 I chatty  : uid=1041(audioserver) Binder:239_1 expire 8 lines
04-21 18:16:25.502   239   311 D AF::TrackHandle: OpPlayAudio: track:55 usage:13 not muted
04-21 18:16:25.505   220   220 D Zygote  : Forked child process 2147
04-21 18:16:25.508  2147  2147 I main    : type=1400 audit(0.0:290): avc: denied { write } for name="tasks" dev="tmpfs" ino=11729 scontext=u:r:zygote:s0 tcontext=u:object_r:device:s0 tclass=file permissive=1 app=com.android.providers.calendar
04-21 18:16:25.508  2147  2147 I main    : type=1400 audit(0.0:291): avc: denied { open } for path="/dev/stune/foreground/tasks" dev="tmpfs" ino=11729 scontext=u:r:zygote:s0 tcontext=u:object_r:device:s0 tclass=file permissive=1 app=com.android.providers.calendar
04-21 18:16:25.510   239   311 D AF::TrackHandle: OpPlayAudio: track:55 usage:13 not muted
04-21 18:16:25.510  2147  2147 I Zygote  : seccomp disabled by setenforce 0
04-21 18:16:25.517   491   521 W ActivityManager: Slow operation: 84ms so far, now at startProcess: returned from zygote!
04-21 18:16:25.517   491   521 W ActivityManager: Slow operation: 84ms so far, now at startProcess: done updating battery stats
04-21 18:16:25.517   491   521 W ActivityManager: Slow operation: 84ms so far, now at startProcess: building log message
04-21 18:16:25.517   491   521 I ActivityManager: Start proc 2147:com.android.providers.calendar/u0a55 for content provider {com.android.providers.calendar/com.android.providers.calendar.CalendarProvider2}
04-21 18:16:25.517   491   521 W ActivityManager: Slow operation: 84ms so far, now at startProcess: starting to update pids map
04-21 18:16:25.517   239   311 D AF::TrackHandle: OpPlayAudio: track:55 usage:13 not muted
04-21 18:16:25.518   491   521 W ActivityManager: Slow operation: 85ms so far, now at startProcess: done updating pids map
04-21 18:16:25.526   239   311 D AF::TrackHandle: OpPlayAudio: track:55 usage:13 not muted
04-21 18:16:25.533   239   311 D AF::TrackHandle: OpPlayAudio: track:55 usage:13 not muted
04-21 18:16:25.543   239   311 D AF::TrackHandle: OpPlayAudio: track:55 usage:13 not muted
04-21 18:16:25.588   239   311 D AF::TrackHandle: OpPlayAudio: track:55 usage:13 not muted
04-21 18:16:25.716  2147  2147 I CalendarDatabaseHelper: Bootstrapping database
04-21 18:16:25.785  2147  2147 I CalendarProvider2: Created com.android.providers.calendar.CalendarAlarmManager@4af85f1(com.android.providers.calendar.CalendarProvider2@2f1a5d6)
04-21 18:16:26.109  1572  1937 W GooglePlayServicesUtil: com.google.android.inputmethod.latin requires the Google Play Store, but it is missing.
04-21 18:16:26.109  1572  1937 W GoogleApiManager: The service for ijn is not available: ConnectionResult{statusCode=SERVICE_INVALID, resolution=null, message=null}
04-21 18:16:26.113   491  1787 I ActivityTaskManager: START u0 {act=com.android.wizard.NEXT cmp=org.lineageos.setupwizard/.wizardmanager.WizardManager (has extras)} from uid 1000
04-21 18:16:26.122  1572  1937 W GooglePlayServicesUtil: com.google.android.inputmethod.latin requires the Google Play Store, but it is missing.
04-21 18:16:26.122  1572  1937 W GoogleApiManager: The service for ijn is not available: ConnectionResult{statusCode=SERVICE_INVALID, resolution=null, message=null}
04-21 18:16:26.141   491  1787 I ActivityTaskManager: START u0 {act=org.lineageos.setupwizard.LINEAGE_WIFI_SETUP flg=0x4000000 cmp=org.lineageos.setupwizard/.WifiSetupActivity (has extras)} from uid 1000
04-21 18:16:26.156  1572  1937 W GooglePlayServicesUtil: com.google.android.inputmethod.latin requires the Google Play Store, but it is missing.
04-21 18:16:26.156  1572  1937 W GoogleApiManager: The service for ijn is not available: ConnectionResult{statusCode=SERVICE_INVALID, resolution=null, message=null}
04-21 18:16:26.158  1572  1937 W GooglePlayServicesUtil: com.google.android.inputmethod.latin requires the Google Play Store, but it is missing.
04-21 18:16:26.158  1572  1937 W GoogleApiManager: The service for ijn is not available: ConnectionResult{statusCode=SERVICE_INVALID, resolution=null, message=null}
04-21 18:16:26.159  1572  1859 W LatinCommonMetricsProcessor: LatinCommonMetricsProcessor.processInputMethodEntryChanged():2186 The new entry is equal to the old entry
04-21 18:16:26.191  1572  1937 W GooglePlayServicesUtil: com.google.android.inputmethod.latin requires the Google Play Store, but it is missing.
04-21 18:16:26.191  1572  1937 W GoogleApiManager: The service for ijn is not available: ConnectionResult{statusCode=SERVICE_INVALID, resolution=null, message=null}
04-21 18:16:26.205  1572  1937 W GooglePlayServicesUtil: com.google.android.inputmethod.latin requires the Google Play Store, but it is missing.
04-21 18:16:26.205  1572  1937 W GoogleApiManager: The service for ijn is not available: ConnectionResult{statusCode=SERVICE_INVALID, resolution=null, message=null}
04-21 18:16:26.208   491  1787 I ActivityTaskManager: START u0 {act=android.net.wifi.PICK_WIFI_NETWORK cmp=com.android.settings/.wifi.WifiPickerActivity (has extras)} from uid 1000
04-21 18:16:26.405   491   519 D PinnerService: pinRangeStream: null
04-21 18:16:26.420   491   519 I chatty  : uid=1000(system) android.bg identical 1 line
04-21 18:16:26.422   491   519 D PinnerService: pinRangeStream: null
04-21 18:16:26.465   220   220 D Zygote  : Forked child process 2179
04-21 18:16:26.467   491   521 I ActivityManager: Start proc 2179:com.android.keychain/1000 for service {com.android.keychain/com.android.keychain.KeyChainService}
04-21 18:16:26.470  2179  2179 I Zygote  : seccomp disabled by setenforce 0
04-21 18:16:26.539   491  1301 I chatty  : uid=1000(system) Binder:491_3 expire 4 lines
04-21 18:16:26.556   219   344 W IptablesRestoreController: iptables-restore process 2200 terminated status=256
04-21 18:16:26.557   219   344 E IptablesRestoreController: iptables error:
04-21 18:16:26.557   219   344 E IptablesRestoreController: ------- COMMAND -------
04-21 18:16:26.557   219   344 E IptablesRestoreController: *filter
04-21 18:16:26.557   219   344 E IptablesRestoreController: -nvx -L tetherctrl_counters
04-21 18:16:26.557   219   344 E IptablesRestoreController: COMMIT
04-21 18:16:26.557   219   344 E IptablesRestoreController: 
04-21 18:16:26.557   219   344 E IptablesRestoreController: -------  ERROR -------
04-21 18:16:26.557   219   344 E IptablesRestoreController: iptables-restore: line 2 failed
04-21 18:16:26.557   219   344 E IptablesRestoreController: ----------------------
04-21 18:16:26.557   219   344 I netd    : tetherGetStats() -> ServiceSpecificException(1, "[Operation not permitted] : failed to fetch tether stats (0): -1") <16.76ms>
04-21 18:16:26.560   491  1301 I DropBoxManagerService: add tag=system_server_wtf isTagEnabled=true flags=0x2
04-21 18:16:26.570   491  1171 I chatty  : uid=1000(system) NetworkPolicy expire 2 lines
04-21 18:16:26.579   491   519 I RoleUserState: Wrote roles.xml successfully
04-21 18:16:26.588   491  1868 I chatty  : uid=1000(system) Binder:491_A expire 4 lines
04-21 18:16:26.604   219   219 W IptablesRestoreController: iptables-restore process 2204 terminated status=256
04-21 18:16:26.604   219   219 E IptablesRestoreController: iptables error:
04-21 18:16:26.604   219   219 E IptablesRestoreController: ------- COMMAND -------
04-21 18:16:26.604   219   219 E IptablesRestoreController: *filter
04-21 18:16:26.604   219   219 E IptablesRestoreController: -nvx -L tetherctrl_counters
04-21 18:16:26.604   219   219 E IptablesRestoreController: COMMIT
04-21 18:16:26.604   219   219 E IptablesRestoreController: 
04-21 18:16:26.604   219   219 E IptablesRestoreController: -------  ERROR -------
04-21 18:16:26.604   219   219 E IptablesRestoreController: iptables-restore: line 2 failed
04-21 18:16:26.604   219   219 E IptablesRestoreController: ----------------------
04-21 18:16:26.605   219   219 I netd    : tetherGetStats() -> ServiceSpecificException(1, "[Operation not permitted] : failed to fetch tether stats (0): -1") <15.92ms>
04-21 18:16:26.607   491  1868 I DropBoxManagerService: add tag=system_server_wtf isTagEnabled=true flags=0x2
04-21 18:16:26.833  1520  1550 I chatty  : uid=1000(system) AsyncTask #1 expire 1 line
04-21 18:16:26.837   289   289 W wificond: Failed to get NL80211_ATTR_EXT_FEATURES
04-21 18:16:26.839   491   509 D PackageManager: Instant App installer not found with android.intent.action.INSTALL_INSTANT_APP_PACKAGE_TEST
04-21 18:16:26.840   491   509 D PackageManager: Instant App installer not found with android.intent.action.INSTALL_INSTANT_APP_PACKAGE
04-21 18:16:26.840   491   509 D PackageManager: Clear ephemeral installer activity
04-21 18:16:26.841   491  1446 D PackageManager: Instant App installer not found with android.intent.action.INSTALL_INSTANT_APP_PACKAGE_TEST
04-21 18:16:26.841   491  1446 D PackageManager: Instant App installer not found with android.intent.action.INSTALL_INSTANT_APP_PACKAGE
04-21 18:16:26.841   491  1446 D PackageManager: Clear ephemeral installer activity
04-21 18:16:26.842   491  1447 D PackageManager: Instant App installer not found with android.intent.action.INSTALL_INSTANT_APP_PACKAGE_TEST
04-21 18:16:26.842   491  1447 D PackageManager: Instant App installer not found with android.intent.action.INSTALL_INSTANT_APP_PACKAGE
04-21 18:16:26.842   491  1447 D PackageManager: Clear ephemeral installer activity
04-21 18:16:26.846   491  1333 D PackageManager: Instant App installer not found with android.intent.action.INSTALL_INSTANT_APP_PACKAGE_TEST
04-21 18:16:26.846   491  1333 D PackageManager: Instant App installer not found with android.intent.action.INSTALL_INSTANT_APP_PACKAGE
04-21 18:16:26.846   491  1333 D PackageManager: Clear ephemeral installer activity
04-21 18:16:26.847   289   289 W wificond: Failed to get NL80211_ATTR_EXT_FEATURES
04-21 18:16:26.847   491   509 D PackageManager: Instant App installer not found with android.intent.action.INSTALL_INSTANT_APP_PACKAGE_TEST
04-21 18:16:26.847   491   509 D PackageManager: Instant App installer not found with android.intent.action.INSTALL_INSTANT_APP_PACKAGE
04-21 18:16:26.847   491   509 D PackageManager: Clear ephemeral installer activity
04-21 18:16:26.849   491  1868 D PackageManager: Instant App installer not found with android.intent.action.INSTALL_INSTANT_APP_PACKAGE_TEST
04-21 18:16:26.849   491  1868 D PackageManager: Instant App installer not found with android.intent.action.INSTALL_INSTANT_APP_PACKAGE
04-21 18:16:26.849   491  1868 D PackageManager: Clear ephemeral installer activity
04-21 18:16:26.852   491  1787 D PackageManager: Instant App installer not found with android.intent.action.INSTALL_INSTANT_APP_PACKAGE_TEST
04-21 18:16:26.852   491  1787 D PackageManager: Instant App installer not found with android.intent.action.INSTALL_INSTANT_APP_PACKAGE
04-21 18:16:26.852   491  1787 D PackageManager: Clear ephemeral installer activity
04-21 18:16:26.853   491  1447 D PackageManager: Instant App installer not found with android.intent.action.INSTALL_INSTANT_APP_PACKAGE_TEST
04-21 18:16:26.853   491  1447 D PackageManager: Instant App installer not found with android.intent.action.INSTALL_INSTANT_APP_PACKAGE
04-21 18:16:26.853   491  1447 D PackageManager: Clear ephemeral installer activity
04-21 18:16:26.856   289   289 W wificond: Failed to get NL80211_ATTR_EXT_FEATURES
04-21 18:16:26.868  1520  1520 I chatty  : uid=1000(system) com.android.settings expire 3 lines
04-21 18:16:26.876   491  1871 D PackageManager: Instant App installer not found with android.intent.action.INSTALL_INSTANT_APP_PACKAGE_TEST
04-21 18:16:26.876   491  1871 D PackageManager: Instant App installer not found with android.intent.action.INSTALL_INSTANT_APP_PACKAGE
04-21 18:16:26.876   491  1871 D PackageManager: Clear ephemeral installer activity
04-21 18:16:26.876  1520  2208 I chatty  : uid=1000(system) com.android.settings expire 1 line
04-21 18:16:26.887  1520  1550 W TileUtils: Found com.android.settings.Settings$DataUsageSummaryActivity for intent Intent { act=com.android.settings.action.SETTINGS pkg=com.android.settings } missing metadata com.android.settings.category
04-21 18:16:27.292  1520  1520 D WifiSettings: onAccessPointChanged (singular) callback initiated
04-21 18:16:27.292  1520  1520 D WifiSettings: onAccessPointChanged (singular) callback initiated
04-21 18:16:27.372  1572  1572 I GoogleInputMethodService: GoogleInputMethodService.onFinishInput():3341 
04-21 18:16:27.373  1572  1572 I GoogleInputMethodService: GoogleInputMethodService.onStartInput():1906 
04-21 18:16:27.776   491   504 I chatty  : uid=1000(system) HeapTaskDaemon expire 3 lines
04-21 18:16:28.596  1907  1968 E SQLiteLog: (1) no such table: audio_genres
04-21 18:16:28.646  1907  1968 E SQLiteLog: (1) no such table: audio_genres
04-21 18:16:28.788  1572  1882 W GooglePlayServicesUtil: Google Play services is missing.
04-21 18:16:28.810  1572  2214 W GooglePlayServicesUtil: Google Play services is missing.
04-21 18:16:28.823  1572  1882 W ProtoDataStoreFlagStore: Unable to retrieve flag snapshot for com.google.android.libraries.performance.primes#com.google.android.inputmethod.latin, using defaults.
04-21 18:16:28.827  1572  1937 W GooglePlayServicesUtil: com.google.android.inputmethod.latin requires the Google Play Store, but it is missing.
04-21 18:16:28.828  1572  1937 W GoogleApiManager: The service for jjx is not available: ConnectionResult{statusCode=SERVICE_INVALID, resolution=null, message=null}
04-21 18:16:28.830  1572  1937 W GooglePlayServicesUtil: com.google.android.inputmethod.latin requires the Google Play Store, but it is missing.
04-21 18:16:28.830  1572  1937 W GoogleApiManager: The service for jjx is not available: ConnectionResult{statusCode=SERVICE_INVALID, resolution=null, message=null}
04-21 18:16:28.831  1572  1882 W GooglePlayServicesUtil: Google Play services is missing.
04-21 18:16:28.836  1572  2215 W ProtoDataStoreFlagStore: Unable to update local snapshot for com.google.android.libraries.performance.primes#com.google.android.inputmethod.latin, may result in stale flags.
04-21 18:16:28.836  1572  2215 W ProtoDataStoreFlagStore: java.util.concurrent.ExecutionException: pej: 17: 17: API: Phenotype.API is not available on this device. Connection failed with: ConnectionResult{statusCode=SERVICE_INVALID, resolution=null, message=null}
04-21 18:16:28.836  1572  2215 W ProtoDataStoreFlagStore: 	at rkg.s(PG:6)
04-21 18:16:28.836  1572  2215 W ProtoDataStoreFlagStore: 	at rkg.get(PG:4)
04-21 18:16:28.836  1572  2215 W ProtoDataStoreFlagStore: 	at roc.f(PG:1)
04-21 18:16:28.836  1572  2215 W ProtoDataStoreFlagStore: 	at rmz.w(PG:2)
04-21 18:16:28.836  1572  2215 W ProtoDataStoreFlagStore: 	at pgc.c(Unknown Source:0)
04-21 18:16:28.836  1572  2215 W ProtoDataStoreFlagStore: 	at pga.run(Unknown Source:4)
04-21 18:16:28.836  1572  2215 W ProtoDataStoreFlagStore: 	at java.util.concurrent.Executors$RunnableAdapter.call(Executors.java:462)
04-21 18:16:28.836  1572  2215 W ProtoDataStoreFlagStore: 	at java.util.concurrent.FutureTask.run(FutureTask.java:266)
04-21 18:16:28.836  1572  2215 W ProtoDataStoreFlagStore: 	at java.util.concurrent.ScheduledThreadPoolExecutor$ScheduledFutureTask.run(ScheduledThreadPoolExecutor.java:301)
04-21 18:16:28.836  1572  2215 W ProtoDataStoreFlagStore: 	at java.util.concurrent.ThreadPoolExecutor.runWorker(ThreadPoolExecutor.java:1167)
04-21 18:16:28.836  1572  2215 W ProtoDataStoreFlagStore: 	at java.util.concurrent.ThreadPoolExecutor$Worker.run(ThreadPoolExecutor.java:641)
04-21 18:16:28.836  1572  2215 W ProtoDataStoreFlagStore: 	at java.lang.Thread.run(Thread.java:919)
04-21 18:16:28.836  1572  2215 W ProtoDataStoreFlagStore: Caused by: pej: 17: 17: API: Phenotype.API is not available on this device. Connection failed with: ConnectionResult{statusCode=SERVICE_INVALID, resolution=null, message=null}
04-21 18:16:28.836  1572  2215 W ProtoDataStoreFlagStore: 	at pek.a(Unknown Source:1)
04-21 18:16:28.836  1572  2215 W ProtoDataStoreFlagStore: 	at rjq.e(Unknown Source:2)
04-21 18:16:28.836  1572  2215 W ProtoDataStoreFlagStore: 	at rjs.run(PG:11)
04-21 18:16:28.836  1572  2215 W ProtoDataStoreFlagStore: 	at rln.execute(PG:1)
04-21 18:16:28.836  1572  2215 W ProtoDataStoreFlagStore: 	at rkg.r(PG:1)
04-21 18:16:28.836  1572  2215 W ProtoDataStoreFlagStore: 	at rkg.m(PG:11)
04-21 18:16:28.836  1572  2215 W ProtoDataStoreFlagStore: 	at rkg.k(PG:3)
04-21 18:16:28.836  1572  2215 W ProtoDataStoreFlagStore: 	at kas.a(Unknown Source:5)
04-21 18:16:28.836  1572  2215 W ProtoDataStoreFlagStore: 	at jml.run(PG:1)
04-21 18:16:28.836  1572  2215 W ProtoDataStoreFlagStore: 	at rln.execute(PG:1)
04-21 18:16:28.836  1572  2215 W ProtoDataStoreFlagStore: 	at jmm.a(PG:3)
04-21 18:16:28.836  1572  2215 W ProtoDataStoreFlagStore: 	at jmx.b(PG:5)
04-21 18:16:28.836  1572  2215 W ProtoDataStoreFlagStore: 	at jnd.n(PG:4)
04-21 18:16:28.836  1572  2215 W ProtoDataStoreFlagStore: 	at jmd.run(PG:3)
04-21 18:16:28.836  1572  2215 W ProtoDataStoreFlagStore: 	at android.os.Handler.handleCallback(Handler.java:883)
04-21 18:16:28.836  1572  2215 W ProtoDataStoreFlagStore: 	at android.os.Handler.dispatchMessage(Handler.java:100)
04-21 18:16:28.836  1572  2215 W ProtoDataStoreFlagStore: 	at android.os.Looper.loop(Looper.java:214)
04-21 18:16:28.836  1572  2215 W ProtoDataStoreFlagStore: 	at android.app.ActivityThread.main(ActivityThread.java:7356)
04-21 18:16:28.836  1572  2215 W ProtoDataStoreFlagStore: 	at java.lang.reflect.Method.invoke(Native Method)
04-21 18:16:28.836  1572  2215 W ProtoDataStoreFlagStore: 	at com.android.internal.os.RuntimeInit$MethodAndArgsCaller.run(RuntimeInit.java:491)
04-21 18:16:28.836  1572  2215 W ProtoDataStoreFlagStore: 	at com.android.internal.os.ZygoteInit.main(ZygoteInit.java:940)
04-21 18:16:28.836  1572  2215 W ProtoDataStoreFlagStore: Caused by: ilb: 17: API: Phenotype.API is not available on this device. Connection failed with: ConnectionResult{statusCode=SERVICE_INVALID, resolution=null, message=null}
04-21 18:16:28.836  1572  2215 W ProtoDataStoreFlagStore: 	at hzy.d(PG:1)
04-21 18:16:28.836  1572  2215 W ProtoDataStoreFlagStore: 	at ilw.c(PG:1)
04-21 18:16:28.836  1572  2215 W ProtoDataStoreFlagStore: 	at imv.s(PG:7)
04-21 18:16:28.836  1572  2215 W ProtoDataStoreFlagStore: 	at imv.k(PG:2)
04-21 18:16:28.836  1572  2215 W ProtoDataStoreFlagStore: 	at imv.f(PG:21)
04-21 18:16:28.836  1572  2215 W ProtoDataStoreFlagStore: 	at imv.e(PG:1)
04-21 18:16:28.836  1572  2215 W ProtoDataStoreFlagStore: 	at imv.n(PG:16)
04-21 18:16:28.836  1572  2215 W ProtoDataStoreFlagStore: 	at imv.h(PG:7)
04-21 18:16:28.836  1572  2215 W ProtoDataStoreFlagStore: 	at imz.handleMessage(PG:94)
04-21 18:16:28.836  1572  2215 W ProtoDataStoreFlagStore: 	at android.os.Handler.dispatchMessage(Handler.java:103)
04-21 18:16:28.836  1572  2215 W ProtoDataStoreFlagStore: 	at android.os.Looper.loop(Looper.java:214)
04-21 18:16:28.836  1572  2215 W ProtoDataStoreFlagStore: 	at android.os.HandlerThread.run(HandlerThread.java:67)
04-21 18:16:28.874  1572  1937 W GooglePlayServicesUtil: com.google.android.inputmethod.latin requires the Google Play Store, but it is missing.
04-21 18:16:28.875  1572  1937 W GoogleApiManager: The service for ijn is not available: ConnectionResult{statusCode=SERVICE_INVALID, resolution=null, message=null}
04-21 18:16:28.876  1572  1937 W GooglePlayServicesUtil: com.google.android.inputmethod.latin requires the Google Play Store, but it is missing.
04-21 18:16:28.876  1572  1937 W GoogleApiManager: The service for ijn is not available: ConnectionResult{statusCode=SERVICE_INVALID, resolution=null, message=null}
04-21 18:16:28.877  1572  1572 I ClearcutMetricXmitter: Transmission has failed: ilb: 17: API: ClearcutLogger.API is not available on this device. Connection failed with: ConnectionResult{statusCode=SERVICE_INVALID, resolution=null, message=null}
04-21 18:16:28.964   491   508 I ActivityTaskManager: START u0 {act=com.android.wizard.NEXT cmp=org.lineageos.setupwizard/.wizardmanager.WizardManager (has extras)} from uid 1000
04-21 18:16:29.137   491  1870 I ActivityTaskManager: START u0 {act=org.lineageos.setupwizard.LINEAGE_LOCATION_SETTINGS flg=0x4000000 cmp=org.lineageos.setupwizard/.LocationSettingsActivity (has extras)} from uid 1000
04-21 18:16:29.376  1572  1572 I GoogleInputMethodService: GoogleInputMethodService.onFinishInput():3341 
04-21 18:16:29.378  1572  1572 I GoogleInputMethodService: GoogleInputMethodService.onStartInput():1906 
04-21 18:16:29.418   228   228 I health@2.0-serv: type=1400 audit(0.0:295): avc: denied { read } for scontext=u:r:init:s0 tcontext=u:r:init:s0 tclass=netlink_kobject_uevent_socket permissive=1
04-21 18:16:29.418   228   228 I health@2.0-serv: type=1400 audit(0.0:296): avc: denied { read } for name="present" dev="sysfs" ino=9076 scontext=u:r:init:s0 tcontext=u:object_r:sysfs:s0 tclass=file permissive=1
04-21 18:16:29.418   228   228 I health@2.0-serv: type=1400 audit(0.0:297): avc: denied { open } for path="/sys/devices/platform/tegra12-i2c.1/i2c-1/1-0055/power_supply/battery/present" dev="sysfs" ino=9076 scontext=u:r:init:s0 tcontext=u:object_r:sysfs:s0 tclass=file permissive=1
04-21 18:16:29.424   228   228 I health@2.0-serv: type=1400 audit(0.0:298): avc: denied { call } for scontext=u:r:init:s0 tcontext=u:r:storaged:s0 tclass=binder permissive=1
04-21 18:16:29.425   228   228 I health@2.0-serv: type=1400 audit(0.0:299): avc: denied { call } for scontext=u:r:init:s0 tcontext=u:r:system_server:s0 tclass=binder permissive=1
04-21 18:16:29.429   228   228 I health@2.0-serv: type=1400 audit(0.0:300): avc: denied { read } for scontext=u:r:init:s0 tcontext=u:r:init:s0 tclass=netlink_kobject_uevent_socket permissive=1
04-21 18:16:29.447  1239  1239 I RenderThread: type=1400 audit(0.0:301): avc: denied { ioctl } for path="/dev/nvmap" dev="tmpfs" ino=11234 ioctlcmd=4e08 scontext=u:r:platform_app:s0:c512,c768 tcontext=u:object_r:device:s0 tclass=chr_file permissive=1 app=com.android.systemui
04-21 18:16:29.531   491   663 I chatty  : uid=1000(system) HwBinder:491_2 expire 1 line
04-21 18:16:29.532   491   491 W Looper  : Slow dispatch took 104ms main h=android.app.ActivityThread$H c=android.app.-$$Lambda$LoadedApk$ReceiverDispatcher$Args$_BumDX2UKsnxLVrE6UJsJZkotuA@d1979d7 m=0
04-21 18:16:29.882   491  1868 I ActivityTaskManager: START u0 {act=com.android.wizard.NEXT cmp=org.lineageos.setupwizard/.wizardmanager.WizardManager (has extras)} from uid 1000
04-21 18:16:29.911   491   509 I ActivityTaskManager: START u0 {act=org.lineageos.setupwizard.LINEAGE_SETTINGS flg=0x4000000 cmp=org.lineageos.setupwizard/.LineageSettingsActivity (has extras)} from uid 1000
04-21 18:16:29.947  1788  1788 W ActivityThread: handleWindowVisibility: no activity for token android.os.BinderProxy@4519ad8
04-21 18:16:29.960  1289  1289 I wpa_supplicant: wlan0: GAS-QUERY-START addr=f0:87:56:05:c1:9d dialog_token=0 freq=2427
04-21 18:16:29.961   491  1174 I chatty  : uid=1000(system) ClientModeImpl expire 2 lines
04-21 18:16:29.988   168   168 I hwservicemanager: getTransport: Cannot find entry vendor.lineage.touch@1.0::IKeyDisabler/default in either framework or device manifest.
04-21 18:16:30.050  1572  1572 I GoogleInputMethodService: GoogleInputMethodService.onFinishInput():3341 
04-21 18:16:30.051  1572  1572 I GoogleInputMethodService: GoogleInputMethodService.onStartInput():1906 
04-21 18:16:30.189   491   491 V SettingsProvider: Notifying for 0: content://settings/secure/sync_parent_sounds
04-21 18:16:30.201   491   508 I chatty  : uid=1000(system) Binder:491_1 expire 1 line
04-21 18:16:30.212   491   491 V SettingsProvider: Notifying for 0: content://settings/system/notification_sound
04-21 18:16:30.225   491   491 V SettingsProvider: Notifying for 0: content://settings/system/notification_sound_set
04-21 18:16:30.259   491   491 V SettingsProvider: Notifying for 0: content://settings/system/alarm_alert
04-21 18:16:30.272   491   491 V SettingsProvider: Notifying for 0: content://settings/system/alarm_alert_set
04-21 18:16:30.344  1907  1968 I MediaProvider: End Intent { act=android.intent.action.MEDIA_MOUNTED dat=file:///storage/emulated/0 flg=0x5000010 cmp=com.android.providers.media/.MediaService (has extras) }
04-21 18:16:30.346   491   509 I BroadcastQueue: Resuming delayed broadcast
04-21 18:16:30.361   220   220 D Zygote  : Forked child process 2227
04-21 18:16:30.365  2227  2227 I Zygote  : seccomp disabled by setenforce 0
04-21 18:16:30.368   491   521 I ActivityManager: Start proc 2227:com.android.managedprovisioning/u0a63 for broadcast {com.android.managedprovisioning/com.android.managedprovisioning.ota.PreBootListener}
04-21 18:16:30.486   491   508 I PreBootBroadcaster: Pre-boot of {com.android.providers.calendar/com.android.providers.calendar.CalendarUpgradeReceiver} for user 0
04-21 18:16:30.502  1239  1239 D InterruptionStateProvider: No alerting: filtered notification: 0|android|13|PreBootBroadcaster|1000
04-21 18:16:30.506  1239  1239 D InterruptionStateProvider: No heads up: no huns
04-21 18:16:30.528   491  1301 W AppWidgetServiceImpl: Failed to read state: java.io.FileNotFoundException: /data/system/users/0/appwidgets.xml: open failed: ENOENT (No such file or directory)
04-21 18:16:30.528   491  1301 V AppWidgetServiceImpl: Upgrading widget database from 0 to 1
04-21 18:16:30.556   491   513 I DropBoxManagerService: add tag=system_app_strictmode isTagEnabled=true flags=0x2
04-21 18:16:30.559   491   513 I chatty  : uid=1000(system) android.io identical 1 line
04-21 18:16:30.560  1995  1995 D StrictMode: StrictMode policy violation; ~duration=24 ms: android.os.strictmode.DiskWriteViolation
04-21 18:16:30.560  1995  1995 D StrictMode: 	at android.os.StrictMode$AndroidBlockGuardPolicy.onWriteToDisk(StrictMode.java:1512)
04-21 18:16:30.560  1995  1995 D StrictMode: 	at libcore.io.BlockGuardOs.rename(BlockGuardOs.java:345)
04-21 18:16:30.560  1995  1995 D StrictMode: 	at java.io.UnixFileSystem.rename(UnixFileSystem.java:368)
04-21 18:16:30.560  1995  1995 D StrictMode: 	at java.io.File.renameTo(File.java:1412)
04-21 18:16:30.560  1995  1995 D StrictMode: 	at com.android.server.appwidget.AppWidgetServiceImpl.getSavedStateFile(AppWidgetServiceImpl.java:3270)
04-21 18:16:30.560  1995  1995 D StrictMode: 	at com.android.server.appwidget.AppWidgetServiceImpl.loadGroupStateLocked(AppWidgetServiceImpl.java:2766)
04-21 18:16:30.560  1995  1995 D StrictMode: 	at com.android.server.appwidget.AppWidgetServiceImpl.ensureGroupStateLoadedLocked(AppWidgetServiceImpl.java:740)
04-21 18:16:30.560  1995  1995 D StrictMode: 	at com.android.server.appwidget.AppWidgetServiceImpl.ensureGroupStateLoadedLocked(AppWidgetServiceImpl.java:694)
04-21 18:16:30.560  1995  1995 D StrictMode: 	at com.android.server.appwidget.AppWidgetServiceImpl.getAppWidgetIds(AppWidgetServiceImpl.java:1211)
04-21 18:16:30.560  1995  1995 D StrictMode: 	at com.android.internal.appwidget.IAppWidgetService$Stub.onTransact(IAppWidgetService.java:649)
04-21 18:16:30.560  1995  1995 D StrictMode: 	at android.os.Binder.execTransactInternal(Binder.java:1021)
04-21 18:16:30.560  1995  1995 D StrictMode: 	at android.os.Binder.execTransact(Binder.java:994)
04-21 18:16:30.560  1995  1995 D StrictMode: # via Binder call with stack:
04-21 18:16:30.560  1995  1995 D StrictMode: 	at android.os.StrictMode.readAndHandleBinderCallViolations(StrictMode.java:2274)
04-21 18:16:30.560  1995  1995 D StrictMode: 	at android.os.Parcel.readExceptionCode(Parcel.java:2018)
04-21 18:16:30.560  1995  1995 D StrictMode: 	at android.os.Parcel.readException(Parcel.java:1985)
04-21 18:16:30.560  1995  1995 D StrictMode: 	at com.android.internal.appwidget.IAppWidgetService$Stub$Proxy.getAppWidgetIds(IAppWidgetService.java:1313)
04-21 18:16:30.560  1995  1995 D StrictMode: 	at android.appwidget.AppWidgetManager.getAppWidgetIds(AppWidgetManager.java:1131)
04-21 18:16:30.560  1995  1995 D StrictMode: 	at com.android.mail.widget.BaseWidgetProvider.getCurrentWidgetIdsIfSupported(BaseWidgetProvider.java:98)
04-21 18:16:30.560  1995  1995 D StrictMode: 	at com.android.mail.widget.BaseWidgetProvider.migrateAllLegacyWidgetInformation(BaseWidgetProvider.java:411)
04-21 18:16:30.560  1995  1995 D StrictMode: 	at com.android.mail.widget.BaseWidgetProvider.onReceive(BaseWidgetProvider.java:127)
04-21 18:16:30.560  1995  1995 D StrictMode: 	at android.app.ActivityThread.handleReceiver(ActivityThread.java:3788)
04-21 18:16:30.560  1995  1995 D StrictMode: 	at android.app.ActivityThread.access$1400(ActivityThread.java:219)
04-21 18:16:30.560  1995  1995 D StrictMode: 	at android.app.ActivityThread$H.handleMessage(ActivityThread.java:1870)
04-21 18:16:30.560  1995  1995 D StrictMode: 	at android.os.Handler.dispatchMessage(Handler.java:107)
04-21 18:16:30.560  1995  1995 D StrictMode: 	at android.os.Looper.loop(Looper.java:214)
04-21 18:16:30.560  1995  1995 D StrictMode: 	at android.app.ActivityThread.main(ActivityThread.java:7356)
04-21 18:16:30.560  1995  1995 D StrictMode: 	at java.lang.reflect.Method.invoke(Native Method)
04-21 18:16:30.560  1995  1995 D StrictMode: 	at com.android.internal.os.RuntimeInit$MethodAndArgsCaller.run(RuntimeInit.java:491)
04-21 18:16:30.560  1995  1995 D StrictMode: 	at com.android.internal.os.ZygoteInit.main(ZygoteInit.java:940)
04-21 18:16:30.562   491   513 I DropBoxManagerService: add tag=system_app_strictmode isTagEnabled=true flags=0x2
04-21 18:16:30.573  1702  1702 I AlarmClock: AlarmInitReceiver android.intent.action.TIMEZONE_CHANGED
04-21 18:16:30.575  1702  1733 I AlarmClock: Fixing alarm instances
04-21 18:16:30.581  1702  1733 V AlarmClock: AlarmInitReceiver finished
04-21 18:16:30.587  1702  1702 I DigitalWidgetProvider: onReceive: Intent { act=android.intent.action.TIMEZONE_CHANGED flg=0x25200010 cmp=com.android.deskclock/com.android.alarmclock.DigitalAppWidgetProvider (has extras) }
04-21 18:16:30.605   220   220 D Zygote  : Forked child process 2249
04-21 18:16:30.608   491   521 I ActivityManager: Start proc 2249:org.lineageos.etar/u0a109 for broadcast {org.lineageos.etar/com.android.calendar.widget.CalendarAppWidgetService$CalendarFactory}
04-21 18:16:30.609  2249  2249 I Zygote  : seccomp disabled by setenforce 0
04-21 18:16:30.661  1289  1289 I wpa_supplicant: wlan0: GAS-QUERY-DONE addr=f0:87:56:05:c1:9d dialog_token=0 freq=2427 status_code=0 result=TIMEOUT
04-21 18:16:30.662  1289  1289 I wpa_supplicant: wlan0: ANQP-QUERY-DONE addr=f0:87:56:05:c1:9d result=FAILURE
04-21 18:16:30.730   491   491 I chatty  : uid=1000 system_server expire 1 line
04-21 18:16:30.760  2249  2249 D ExtensionsFactory: No custom extensions.
04-21 18:16:30.792  2147  2147 I CalendarUpgradeReceiver: Creating or opening calendar database
04-21 18:16:30.798   491  1871 I PreBootBroadcaster: Pre-boot of {com.android.providers.contacts/com.android.providers.contacts.ContactsUpgradeReceiver} for user 0
04-21 18:16:30.818  1239  1239 D InterruptionStateProvider: No alerting: filtered notification: 0|android|13|PreBootBroadcaster|1000
04-21 18:16:30.820   491  1447 I PreBootBroadcaster: Pre-boot of {com.android.providers.media/com.android.providers.media.MediaUpgradeReceiver} for user 0
04-21 18:16:30.832  1239  1239 D InterruptionStateProvider: No heads up: no huns
04-21 18:16:30.833  1907  1907 I MediaUpgradeReceiver: ---> Start upgrade of media database internal.db
04-21 18:16:30.836  1833  1833 D StrictMode: StrictMode policy violation; ~duration=13 ms: android.os.strictmode.DiskWriteViolation
04-21 18:16:30.836  1833  1833 D StrictMode: 	at android.os.StrictMode$AndroidBlockGuardPolicy.onWriteToDisk(StrictMode.java:1512)
04-21 18:16:30.836  1833  1833 D StrictMode: 	at libcore.io.BlockGuardOs.write(BlockGuardOs.java:415)
04-21 18:16:30.836  1833  1833 D StrictMode: 	at libcore.io.ForwardingOs.write(ForwardingOs.java:241)
04-21 18:16:30.836  1833  1833 D StrictMode: 	at libcore.io.IoBridge.write(IoBridge.java:539)
04-21 18:16:30.836  1833  1833 D StrictMode: 	at java.io.FileOutputStream.write(FileOutputStream.java:392)
04-21 18:16:30.836  1833  1833 D StrictMode: 	at com.android.internal.util.FastXmlSerializer.flushBytes(FastXmlSerializer.java:252)
04-21 18:16:30.836  1833  1833 D StrictMode: 	at com.android.internal.util.FastXmlSerializer.flush(FastXmlSerializer.java:273)
04-21 18:16:30.836  1833  1833 D StrictMode: 	at com.android.internal.util.FastXmlSerializer.endDocument(FastXmlSerializer.java:218)
04-21 18:16:30.836  1833  1833 D StrictMode: 	at com.android.internal.util.XmlUtils.writeMapXml(XmlUtils.java:202)
04-21 18:16:30.836  1833  1833 D StrictMode: 	at android.app.SharedPreferencesImpl.writeToFile(SharedPreferencesImpl.java:778)
04-21 18:16:30.836  1833  1833 D StrictMode: 	at android.app.SharedPreferencesImpl.access$900(SharedPreferencesImpl.java:55)
04-21 18:16:30.836  1833  1833 D StrictMode: 	at android.app.SharedPreferencesImpl$2.run(SharedPreferencesImpl.java:647)
04-21 18:16:30.836  1833  1833 D StrictMode: 	at android.app.SharedPreferencesImpl.enqueueDiskWrite(SharedPreferencesImpl.java:666)
04-21 18:16:30.836  1833  1833 D StrictMode: 	at android.app.SharedPreferencesImpl.access$100(SharedPreferencesImpl.java:55)
04-21 18:16:30.836  1833  1833 D StrictMode: 	at android.app.SharedPreferencesImpl$EditorImpl.commit(SharedPreferencesImpl.java:585)
04-21 18:16:30.836  1833  1833 D StrictMode: 	at com.android.providers.contacts.ContactsUpgradeReceiver.onReceive(ContactsUpgradeReceiver.java:76)
04-21 18:16:30.836  1833  1833 D StrictMode: 	at android.app.ActivityThread.handleReceiver(ActivityThread.java:3788)
04-21 18:16:30.836  1833  1833 D StrictMode: 	at android.app.ActivityThread.access$1400(ActivityThread.java:219)
04-21 18:16:30.836  1833  1833 D StrictMode: 	at android.app.ActivityThread$H.handleMessage(ActivityThread.java:1870)
04-21 18:16:30.836  1833  1833 D StrictMode: 	at android.os.Handler.dispatchMessage(Handler.java:107)
04-21 18:16:30.836  1833  1833 D StrictMode: 	at android.os.Looper.loop(Looper.java:214)
04-21 18:16:30.836  1833  1833 D StrictMode: 	at android.app.ActivityThread.main(ActivityThread.java:7356)
04-21 18:16:30.836  1833  1833 D StrictMode: 	at java.lang.reflect.Method.invoke(Native Method)
04-21 18:16:30.836  1833  1833 D StrictMode: 	at com.android.internal.os.RuntimeInit$MethodAndArgsCaller.run(RuntimeInit.java:491)
04-21 18:16:30.836  1833  1833 D StrictMode: 	at com.android.internal.os.ZygoteInit.main(ZygoteInit.java:940)
04-21 18:16:30.836  1833  1833 D StrictMode: StrictMode policy violation; ~duration=13 ms: android.os.strictmode.DiskWriteViolation
04-21 18:16:30.836  1833  1833 D StrictMode: 	at android.os.StrictMode$AndroidBlockGuardPolicy.onWriteToDisk(StrictMode.java:1512)
04-21 18:16:30.836  1833  1833 D StrictMode: 	at libcore.io.BlockGuardOs.chmod(BlockGuardOs.java:76)
04-21 18:16:30.836  1833  1833 D StrictMode: 	at libcore.io.ForwardingOs.chmod(ForwardingOs.java:86)
04-21 18:16:30.836  1833  1833 D StrictMode: 	at android.system.Os.chmod(Os.java:98)
04-21 18:16:30.836  1833  1833 D StrictMode: 	at android.os.FileUtils.setPermissions(FileUtils.java:157)
04-21 18:16:30.836  1833  1833 D StrictMode: 	at android.app.ContextImpl.setFilePermissionsFromMode(ContextImpl.java:2655)
04-21 18:16:30.836  1833  1833 D StrictMode: 	at android.app.SharedPreferencesImpl.writeToFile(SharedPreferencesImpl.java:787)
04-21 18:16:30.836  1833  1833 D StrictMode: 	at android.app.SharedPreferencesImpl.access$900(SharedPreferencesImpl.java:55)
04-21 18:16:30.836  1833  1833 D StrictMode: 	at android.app.SharedPreferencesImpl$2.run(SharedPreferencesImpl.java:647)
04-21 18:16:30.836  1833  1833 D StrictMode: 	at android.app.SharedPreferencesImpl.enqueueDiskWrite(SharedPreferencesImpl.java:666)
04-21 18:16:30.836  1833  1833 D StrictMode: 	at android.app.SharedPreferencesImpl.access$100(SharedPreferencesImpl.java:55)
04-21 18:16:30.836  1833  1833 D StrictMode: 	at android.app.SharedPreferencesImpl$EditorImpl.commit(SharedPreferencesImpl.java:585)
04-21 18:16:30.836  1833  1833 D StrictMode: 	at com.android.providers.contacts.ContactsUpgradeReceiver.onReceive(ContactsUpgradeReceiver.java:76)
04-21 18:16:30.836  1833  1833 D StrictMode: 	at android.app.ActivityThread.handleReceiver(ActivityThread.java:3788)
04-21 18:16:30.836  1833  1833 D StrictMode: 	at android.app.ActivityThread.access$1400(ActivityThread.java:219)
04-21 18:16:30.836  1833  1833 D StrictMode: 	at android.app.ActivityThread$H.handleMessage(ActivityThread.java:1870)
04-21 18:16:30.836  1833  1833 D StrictMode: 	at android.os.Handler.dispatchMessage(Handler.java:107)
04-21 18:16:30.836  1833  1833 D StrictMode: 	at android.os.Looper.loop(Looper.java:214)
04-21 18:16:30.836  1833  1833 D StrictMode: 	at android.app.ActivityThread.main(ActivityThread.java:7356)
04-21 18:16:30.836  1833  1833 D StrictMode: 	at java.lang.reflect.Method.invoke(Native Method)
04-21 18:16:30.836  1833  1833 D StrictMode: 	at com.android.internal.os.RuntimeInit$MethodAndArgsCaller.run(RuntimeInit.java:491)
04-21 18:16:30.836  1833  1833 D StrictMode: 	at com.android.internal.os.ZygoteInit.main(ZygoteInit.java:940)
04-21 18:16:30.837  1833  1833 D StrictMode: StrictMode policy violation; ~duration=13 ms: android.os.strictmode.DiskReadViolation
04-21 18:16:30.837  1833  1833 D StrictMode: 	at android.os.StrictMode$AndroidBlockGuardPolicy.onReadFromDisk(StrictMode.java:1556)
04-21 18:16:30.837  1833  1833 D StrictMode: 	at libcore.io.BlockGuardOs.stat(BlockGuardOs.java:387)
04-21 18:16:30.837  1833  1833 D StrictMode: 	at libcore.io.ForwardingOs.stat(ForwardingOs.java:222)
04-21 18:16:30.837  1833  1833 D StrictMode: 	at android.app.ActivityThread$AndroidOs.stat(ActivityThread.java:7269)
04-21 18:16:30.837  1833  1833 D StrictMode: 	at android.system.Os.stat(Os.java:655)
04-21 18:16:30.837  1833  1833 D StrictMode: 	at android.app.SharedPreferencesImpl.writeToFile(SharedPreferencesImpl.java:794)
04-21 18:16:30.837  1833  1833 D StrictMode: 	at android.app.SharedPreferencesImpl.access$900(SharedPreferencesImpl.java:55)
04-21 18:16:30.837  1833  1833 D StrictMode: 	at android.app.SharedPreferencesImpl$2.run(SharedPreferencesImpl.java:647)
04-21 18:16:30.837  1833  1833 D StrictMode: 	at android.app.SharedPreferencesImpl.enqueueDiskWrite(SharedPreferencesImpl.java:666)
04-21 18:16:30.837  1833  1833 D StrictMode: 	at android.app.SharedPreferencesImpl.access$100(SharedPreferencesImpl.java:55)
04-21 18:16:30.837  1833  1833 D StrictMode: 	at android.app.SharedPreferencesImpl$EditorImpl.commit(SharedPreferencesImpl.java:585)
04-21 18:16:30.837  1833  1833 D StrictMode: 	at com.android.providers.contacts.ContactsUpgradeReceiver.onReceive(ContactsUpgradeReceiver.java:76)
04-21 18:16:30.837  1833  1833 D StrictMode: 	at android.app.ActivityThread.handleReceiver(ActivityThread.java:3788)
04-21 18:16:30.837  1833  1833 D StrictMode: 	at android.app.ActivityThread.access$1400(ActivityThread.java:219)
04-21 18:16:30.837  1833  1833 D StrictMode: 	at android.app.ActivityThread$H.handleMessage(ActivityThread.java:1870)
04-21 18:16:30.837  1833  1833 D StrictMode: 	at android.os.Handler.dispatchMessage(Handler.java:107)
04-21 18:16:30.837  1833  1833 D StrictMode: 	at android.os.Looper.loop(Looper.java:214)
04-21 18:16:30.837  1833  1833 D StrictMode: 	at android.app.ActivityThread.main(ActivityThread.java:7356)
04-21 18:16:30.837  1833  1833 D StrictMode: 	at java.lang.reflect.Method.invoke(Native Method)
04-21 18:16:30.837  1833  1833 D StrictMode: 	at com.android.internal.os.RuntimeInit$MethodAndArgsCaller.run(RuntimeInit.java:491)
04-21 18:16:30.837  1833  1833 D StrictMode: 	at com.android.internal.os.ZygoteInit.main(ZygoteInit.java:940)
04-21 18:16:30.837  1833  1833 D StrictMode: StrictMode policy violation; ~duration=13 ms: android.os.strictmode.DiskWriteViolation
04-21 18:16:30.837  1833  1833 D StrictMode: 	at android.os.StrictMode$AndroidBlockGuardPolicy.onWriteToDisk(StrictMode.java:1512)
04-21 18:16:30.837  1833  1833 D StrictMode: 	at libcore.io.BlockGuardOs.remove(BlockGuardOs.java:338)
04-21 18:16:30.837  1833  1833 D StrictMode: 	at libcore.io.ForwardingOs.remove(ForwardingOs.java:186)
04-21 18:16:30.837  1833  1833 D StrictMode: 	at android.app.ActivityThread$AndroidOs.remove(ActivityThread.java:7287)
04-21 18:16:30.837  1833  1833 D StrictMode: 	at java.io.UnixFileSystem.delete(UnixFileSystem.java:331)
04-21 18:16:30.837  1833  1833 D StrictMode: 	at java.io.File.delete(File.java:1037)
04-21 18:16:30.837  1833  1833 D StrictMode: 	at android.app.SharedPreferencesImpl.writeToFile(SharedPreferencesImpl.java:808)
04-21 18:16:30.837  1833  1833 D StrictMode: 	at android.app.SharedPreferencesImpl.access$900(SharedPreferencesImpl.java:55)
04-21 18:16:30.837  1833  1833 D StrictMode: 	at android.app.SharedPreferencesImpl$2.run(SharedPreferencesImpl.java:647)
04-21 18:16:30.837  1833  1833 D StrictMode: 	at android.app.SharedPreferencesImpl.enqueueDiskWrite(SharedPreferencesImpl.java:666)
04-21 18:16:30.837  1833  1833 D StrictMode: 	at android.app.SharedPreferencesImpl.access$100(SharedPreferencesImpl.java:55)
04-21 18:16:30.837  1833  1833 D StrictMode: 	at android.app.SharedPreferencesImpl$EditorImpl.commit(SharedPreferencesImpl.java:585)
04-21 18:16:30.837  1833  1833 D StrictMode: 	at com.android.providers.contacts.ContactsUpgradeReceiver.onReceive(ContactsUpgradeReceiver.java:76)
04-21 18:16:30.837  1833  1833 D StrictMode: 	at android.app.ActivityThread.handleReceiver(ActivityThread.java:3788)
04-21 18:16:30.837  1833  1833 D StrictMode: 	at android.app.ActivityThread.access$1400(ActivityThread.java:219)
04-21 18:16:30.837  1833  1833 D StrictMode: 	at android.app.ActivityThread$H.handleMessage(ActivityThread.java:1870)
04-21 18:16:30.837  1833  1833 D StrictMode: 	at android.os.Handler.dispatchMessage(Handler.java:107)
04-21 18:16:30.837  1833  1833 D StrictMode: 	at android.os.Looper.loop(Looper.java:214)
04-21 18:16:30.837  1833  1833 D StrictMode: 	at android.app.ActivityThread.main(ActivityThread.java:7356)
04-21 18:16:30.837  1833  1833 D StrictMode: 	at java.lang.reflect.Method.invoke(Native Method)
04-21 18:16:30.837  1833  1833 D StrictMode: 	at com.android.internal.os.RuntimeInit$MethodAndArgsCaller.run(RuntimeInit.java:491)
04-21 18:16:30.837  1833  1833 D StrictMode: 	at com.android.internal.os.ZygoteInit.main(ZygoteInit.java:940)
04-21 18:16:30.842  1239  1239 D InterruptionStateProvider: No alerting: filtered notification: 0|android|13|PreBootBroadcaster|1000
04-21 18:16:30.851  1239  1239 D InterruptionStateProvider: No heads up: no huns
04-21 18:16:30.852   491   509 I ActivityTaskManager: START u0 {act=com.android.wizard.NEXT cmp=org.lineageos.setupwizard/.wizardmanager.WizardManager (has extras)} from uid 1000
04-21 18:16:30.863  1907  1907 I MediaUpgradeReceiver: <--- Finished upgrade of media database internal.db in 30ms
04-21 18:16:30.863  1907  1907 I MediaUpgradeReceiver: ---> Start upgrade of media database external.db
04-21 18:16:30.884  1788  1788 W ActivityThread: handleWindowVisibility: no activity for token android.os.BinderProxy@1d23a17
04-21 18:16:30.890   491  1301 I ActivityTaskManager: START u0 {act=org.lineageos.setupwizard.LINEAGE_LOCKSCREEN_SETTINGS flg=0x4000000 cmp=org.lineageos.setupwizard/.ScreenLockActivity (has extras)} from uid 1000
04-21 18:16:30.900  1907  1907 I MediaUpgradeReceiver: <--- Finished upgrade of media database external.db in 37ms
04-21 18:16:30.900   491  1334 I PreBootBroadcaster: Pre-boot of {com.android.settings/com.android.settings.SettingsInitialize} for user 0
04-21 18:16:30.915   491  1871 D PackageManager: Instant App installer not found with android.intent.action.INSTALL_INSTANT_APP_PACKAGE_TEST
04-21 18:16:30.915   491  1871 D PackageManager: Instant App installer not found with android.intent.action.INSTALL_INSTANT_APP_PACKAGE
04-21 18:16:30.915   491  1871 D PackageManager: Clear ephemeral installer activity
04-21 18:16:30.929  1239  1239 D InterruptionStateProvider: No alerting: filtered notification: 0|android|13|PreBootBroadcaster|1000
04-21 18:16:30.938  1239  1239 D InterruptionStateProvider: No heads up: no huns
04-21 18:16:30.945  1788  1788 W ActivityThread: handleWindowVisibility: no activity for token android.os.BinderProxy@eb660b3
04-21 18:16:30.953   491   509 I PreBootBroadcaster: Pre-boot of {org.lineageos.lineagesettings/org.lineageos.lineagesettings.PreBootReceiver} for user 0
04-21 18:16:30.961  1219  1219 D AvrcpBrowsablePlayerConnector: Received a message: msg.what=2
04-21 18:16:30.961  1219  1219 V AvrcpBrowsablePlayerConnector: Timed out waiting for players
04-21 18:16:30.962  1219  1219 I AvrcpBrowsablePlayerConnector: Successfully connected to 0 browsable players.
04-21 18:16:30.962  1219  1219 I AvrcpMediaPlayerList: init: Browsable Player list size is 0
04-21 18:16:30.962  1219  1219 D AvrcpMediaPlayerList: Initializing list of current media players
04-21 18:16:30.970   491   491 D ActivityManager: UserController event: finishUserUnlockedCompleted(0)
04-21 18:16:30.971   491   511 I AppWidgetServiceImpl: Processing of handleUserUnlocked u0 took 0 ms
04-21 18:16:30.971   491   491 I ActivityManager: Posting BOOT_COMPLETED user #0
04-21 18:16:31.000   220   220 D Zygote  : Forked child process 2282
04-21 18:16:31.003   491   521 I ActivityManager: Start proc 2282:org.lineageos.lineageparts/1000 for broadcast {org.lineageos.lineageparts/org.lineageos.lineageparts.BootReceiver}
04-21 18:16:31.008  1239  1239 D InterruptionStateProvider: No alerting: filtered notification: 0|android|13|PreBootBroadcaster|1000
04-21 18:16:31.010  2282  2282 I Zygote  : seccomp disabled by setenforce 0
04-21 18:16:31.027  1788  1788 I RenderThread: type=1400 audit(0.0:307): avc: denied { ioctl } for path="/dev/nvmap" dev="tmpfs" ino=11234 ioctlcmd=4e10 scontext=u:r:system_app:s0 tcontext=u:object_r:device:s0 tclass=chr_file permissive=1
04-21 18:16:31.045  1788  1788 I RenderThread: type=1400 audit(0.0:308): avc: denied { read write } for name="tegra-throughput" dev="tmpfs" ino=11193 scontext=u:r:system_app:s0 tcontext=u:object_r:device:s0 tclass=chr_file permissive=1
04-21 18:16:31.045  1788  1788 I RenderThread: type=1400 audit(0.0:309): avc: denied { open } for path="/dev/tegra-throughput" dev="tmpfs" ino=11193 scontext=u:r:system_app:s0 tcontext=u:object_r:device:s0 tclass=chr_file permissive=1
04-21 18:16:31.083  2282  2282 D ApplicationLoaders: Returning zygote-cached class loader: /system/framework/android.hidl.base-V1.0-java.jar
04-21 18:16:31.083  2282  2282 D ApplicationLoaders: Returning zygote-cached class loader: /system/framework/android.hidl.manager-V1.0-java.jar
04-21 18:16:31.083  2282  2282 D ApplicationLoaders: Returning zygote-cached class loader: /system/framework/android.hidl.base-V1.0-java.jar
04-21 18:16:31.113  1572  1572 I GoogleInputMethodService: GoogleInputMethodService.onFinishInput():3341 
04-21 18:16:31.116  1572  1572 I GoogleInputMethodService: GoogleInputMethodService.onStartInput():1906 
04-21 18:16:31.197   168   168 I hwservicemanager: getTransport: Cannot find entry vendor.lineage.touch@1.0::IKeyDisabler/default in either framework or device manifest.
04-21 18:16:31.201   168   168 I hwservicemanager: getTransport: Cannot find entry vendor.lineage.touch@1.0::ITouchscreenGesture/default in either framework or device manifest.
04-21 18:16:31.242   491  1334 I ActivityManager: Killing 1493:com.android.settings:CryptKeeper/1000 (adj 985): empty #17
04-21 18:16:31.243   241   241 E lowmemorykiller: Error writing /proc/1493/oom_score_adj; errno=22
04-21 18:16:31.258   491   491 I Telecom : DefaultDialerCache: Refreshing default dialer for user 0: now null: DDC.oR@ABI
04-21 18:16:31.259   491  2305 I chatty  : uid=1000 system_server expire 7 lines
04-21 18:16:31.260   491   491 I Telecom : MissedCallNotifierImpl: reloadAfterBootComplete: user=0: TSBCR.oR@ABM
04-21 18:16:31.264   491  2305 I BootReceiver: No existing last log timestamp file /data/system/log-files.xml; starting empty
04-21 18:16:31.264  1473  1473 D CarrierConfigLoader: mHandler: 13 phoneId: 0
04-21 18:16:31.272   491  2305 I DropBoxManagerService: add tag=SYSTEM_BOOT isTagEnabled=true flags=0x2
04-21 18:16:31.274   491  2305 I BootReceiver: Copying audit failures to DropBox
04-21 18:16:31.275   491  2305 I BootReceiver: Checking for fsck errors
04-21 18:16:31.281   491  2305 I BootReceiver: fs_stat, partition:CAC stat:0x1
04-21 18:16:31.282   491  2305 I BootReceiver: fs_stat, partition:UDA stat:0x1
04-21 18:16:31.337  1219  1219 V AvrcpMediaPlayerList: mPackageChangedBroadcastReceiver: action: android.intent.action.PACKAGE_CHANGED
04-21 18:16:31.337  1219  1219 D AvrcpMediaPlayerList: Name of package changed: org.lineageos.setupwizard
04-21 18:16:31.338   491   491 I RoleManagerService: Granting default permissions...
04-21 18:16:31.354  1261  1471 W ExclusiveDefaultHolderMixin: Cannot get ApplicationInfo for default holder, config: config_defaultSms, package: com.android.messaging
04-21 18:16:31.354  1219  1219 V AvrcpMediaPlayerList: mPackageChangedBroadcastReceiver: action: android.intent.action.PACKAGE_CHANGED
04-21 18:16:31.354  1219  1219 D AvrcpMediaPlayerList: Name of package changed: com.android.settings
04-21 18:16:31.378  1219  1219 V AvrcpMediaPlayerList: mPackageChangedBroadcastReceiver: action: android.intent.action.PACKAGE_CHANGED
04-21 18:16:31.378  1219  1219 D AvrcpMediaPlayerList: Name of package changed: com.android.email
04-21 18:16:31.395  1219  1219 V AvrcpMediaPlayerList: mPackageChangedBroadcastReceiver: action: android.intent.action.PACKAGE_CHANGED
04-21 18:16:31.395  1219  1219 D AvrcpMediaPlayerList: Name of package changed: com.google.android.inputmethod.latin
04-21 18:16:31.405   491   618 I chatty  : uid=1000(system) InputReader expire 4 lines
04-21 18:16:31.405   491  1760 W BroadcastQueue: Permission Denial: receiving Intent { act=android.intent.action.BOOT_COMPLETED flg=0x89000010 (has extras) } to org.lineageos.etar/com.android.calendar.UpgradeReceiver requires android.permission.RECEIVE_BOOT_COMPLETED due to sender null (uid 1000)
04-21 18:16:31.407  1473  1473 E PhoneInterfaceManager: [PhoneIntfMgr] getCarrierPackageNamesForIntent: No UICC
04-21 18:16:31.407  1473  1473 D CarrierSvcBindHelper: No carrier app for: 0
04-21 18:16:31.424  1473  1473 E PhoneInterfaceManager: [PhoneIntfMgr] getCarrierPackageNamesForIntent: No UICC
04-21 18:16:31.424  1473  1473 D CarrierSvcBindHelper: No carrier app for: 0
04-21 18:16:31.425   220   220 I Zygote  : Process 1493 exited due to signal 9 (Killed)
04-21 18:16:31.430   491   522 I chatty  : uid=1000(system) ActivityManager expire 2 lines
04-21 18:16:31.437   219   344 I netd    : bandwidthAddNiceApp(10051) <69.92ms>
04-21 18:16:31.459   243   243 I surfaceflinger: type=1400 audit(0.0:310): avc: denied { ioctl } for path="/dev/nvmap" dev="tmpfs" ino=11234 ioctlcmd=4e08 scontext=u:r:surfaceflinger:s0 tcontext=u:object_r:device:s0 tclass=chr_file permissive=1
04-21 18:16:31.476  1473  1473 E PhoneInterfaceManager: [PhoneIntfMgr] getCarrierPackageNamesForIntent: No UICC
04-21 18:16:31.476  1473  1473 D CarrierSvcBindHelper: No carrier app for: 0
04-21 18:16:31.483  1473  1473 E PhoneInterfaceManager: [PhoneIntfMgr] getCarrierPackageNamesForIntent: No UICC
04-21 18:16:31.483  1473  1473 D CarrierSvcBindHelper: No carrier app for: 0
04-21 18:16:31.492   491   491 I Telecom : DefaultDialerCache: Refreshing default dialer for user 0: now null: DDC.oR@ABc
04-21 18:16:31.497  1473  2314 D SIP     : [SipPreferences] isReceivingCallsEnabled, option not set; use default value, exception: android.provider.Settings$SettingNotFoundException: sip_receive_calls
04-21 18:16:31.510   220   220 D Zygote  : Forked child process 2315
04-21 18:16:31.513  2315  2315 I Zygote  : seccomp disabled by setenforce 0
04-21 18:16:31.519   491   521 W ActivityManager: Slow operation: 54ms so far, now at startProcess: returned from zygote!
04-21 18:16:31.519   491   521 W ActivityManager: Slow operation: 54ms so far, now at startProcess: done updating battery stats
04-21 18:16:31.519   491   521 W ActivityManager: Slow operation: 54ms so far, now at startProcess: building log message
04-21 18:16:31.519   491   521 I ActivityManager: Start proc 2315:com.android.camera2/u0a93 for broadcast {com.android.camera2/com.android.camera.SetActivitiesCameraReceiver}
04-21 18:16:31.519   491   521 W ActivityManager: Slow operation: 55ms so far, now at startProcess: starting to update pids map
04-21 18:16:31.521   491   521 W ActivityManager: Slow operation: 56ms so far, now at startProcess: done updating pids map
04-21 18:16:31.539   491   519 W VoiceInteractionManagerService: no available voice interaction services found for user 0
04-21 18:16:31.550   491   491 W Looper  : Slow delivery took 205ms main h=android.app.ActivityThread$H c=android.app.-$$Lambda$LoadedApk$ReceiverDispatcher$Args$_BumDX2UKsnxLVrE6UJsJZkotuA@43f61b3 m=0
04-21 18:16:31.570   491   491 I Telecom : DefaultDialerCache: Refreshing default dialer for user 0: now null: DDC.oR@ABg
04-21 18:16:31.578  2315  2315 D ApplicationLoaders: Returning zygote-cached class loader: /system/framework/android.hidl.base-V1.0-java.jar
04-21 18:16:31.578  2315  2315 D ApplicationLoaders: Returning zygote-cached class loader: /system/framework/android.hidl.manager-V1.0-java.jar
04-21 18:16:31.578  2315  2315 D ApplicationLoaders: Returning zygote-cached class loader: /system/framework/android.hidl.base-V1.0-java.jar
04-21 18:16:31.623   491   491 I Telecom : DefaultDialerCache: Refreshing default dialer for user 0: now null: DDC.oR@ABk
04-21 18:16:31.651  2315  2315 V CAM_Profiler: [  0.000ms][ui] GUARD: CameraApp onCreate() - START
04-21 18:16:31.654   491   491 I Telecom : DefaultDialerCache: Refreshing default dialer for user 0: now null: DDC.oR@ABo
04-21 18:16:31.656  2315  2315 V CAM_Profiler: [  0.000ms][ui] GUARD: FirstRunDetector getTimeOfFirstRun - START
04-21 18:16:31.660   491   491 W Looper  : Drained
04-21 18:16:31.665  2315  2315 V CAM_Profiler: [  8.483ms][ui] GUARD: FirstRunDetector getTimeOfFirstRun - [ 8.483ms] PreferenceManager.getDefaultSharedPreferences
04-21 18:16:31.666  2315  2315 V CAM_Profiler: [ 10.165ms][ui] GUARD: FirstRunDetector getTimeOfFirstRun - [ 1.682ms] preferences.getLong
04-21 18:16:31.667  2315  2315 V CAM_Profiler: [ 11.463ms][ui] GUARD: FirstRunDetector getTimeOfFirstRun - [ 1.298ms] getSharedPreferences
04-21 18:16:31.669   491   519 W VoiceInteractionManagerService: no available voice interaction services found for user 0
04-21 18:16:31.672  2315  2315 V CAM_Profiler: [ 15.686ms][ui] GUARD: FirstRunDetector getTimeOfFirstRun - [ 4.223ms] preferences.edit()
04-21 18:16:31.672  2315  2315 I CAM_Profiler: [ 16.044ms][ui] GUARD: FirstRunDetector getTimeOfFirstRun - STOP
04-21 18:16:31.672  2315  2315 I CAM_Profiler: [ 24.571ms][ui] GUARD: CameraApp onCreate() - [24.571ms] initializeTimeOfFirstRun
04-21 18:16:31.680  2315  2315 V CAM_Profiler: [ 26.063ms][ui] GUARD: CameraApp onCreate() - [ 1.492ms] UsageStatistics.initialize
04-21 18:16:31.684  2315  2315 V CAM_Profiler: [ 36.896ms][ui] GUARD: CameraApp onCreate() - [10.833ms] clearNotifications
04-21 18:16:31.685  2315  2315 I CAM_Profiler: [ 36.896ms][ui] GUARD: CameraApp onCreate() - STOP
04-21 18:16:31.686  2315  2315 W CAM_Log : Tag SetActivitiesCameraReceiver is 8 chars longer than limit.
04-21 18:16:31.687  2315  2315 I CAM_SetActivitiesCamera: number of camera: 0
04-21 18:16:31.688  2315  2315 I CAM_SetActivitiesCamera: component state is 2
04-21 18:16:31.691   491   509 D PackageManager: Instant App installer not found with android.intent.action.INSTALL_INSTANT_APP_PACKAGE_TEST
04-21 18:16:31.692   491   509 D PackageManager: Instant App installer not found with android.intent.action.INSTALL_INSTANT_APP_PACKAGE
04-21 18:16:31.692   491   509 D PackageManager: Clear ephemeral installer activity
04-21 18:16:31.723   491   519 W VoiceInteractionManagerService: no available voice interaction services found for user 0
04-21 18:16:31.729   491  1871 I ActivityTaskManager: START u0 {act=com.android.wizard.NEXT cmp=org.lineageos.setupwizard/.wizardmanager.WizardManager (has extras)} from uid 1000
04-21 18:16:31.735   220   220 D Zygote  : Forked child process 2338
04-21 18:16:31.745  2338  2338 I Zygote  : seccomp disabled by setenforce 0
04-21 18:16:31.750   491   521 I ActivityManager: Start proc 2338:com.android.contacts/u0a97 for broadcast {com.android.contacts/com.android.contacts.interactions.OnBootOrUpgradeReceiver}
04-21 18:16:31.775  1788  1788 W ActivityThread: handleWindowVisibility: no activity for token android.os.BinderProxy@91b9a00
04-21 18:16:31.786   491   508 I ActivityTaskManager: START u0 {act=org.lineageos.setupwizard.LINEAGE_RESTORE_BACKUP flg=0x4000000 cmp=org.lineageos.setupwizard/.backup.RestoreIntroActivity (has extras)} from uid 1000
04-21 18:16:31.833  1788  1788 I RenderThread: type=1400 audit(0.0:314): avc: denied { write } for name="phsd" dev="tmpfs" ino=7107 scontext=u:r:system_app:s0 tcontext=u:object_r:socket_device:s0 tclass=sock_file permissive=1
04-21 18:16:31.835  1788  1855 D         : cannot connect to power hinting service
04-21 18:16:31.838  1788  1788 W ActivityThread: handleWindowVisibility: no activity for token android.os.BinderProxy@ea0562c
04-21 18:16:31.898   491   491 V SettingsProvider: Notifying for 0: content://settings/secure/input_methods_subtype_history
04-21 18:16:31.908   491   519 W VoiceInteractionManagerService: no available voice interaction services found for user 0
04-21 18:16:31.938  1702  1702 I AlarmClock: AlarmInitReceiver android.intent.action.BOOT_COMPLETED
04-21 18:16:31.950   491   519 I RoleUserState: Wrote roles.xml successfully
04-21 18:16:31.962  1702  1733 I AlarmClock: Fixing alarm instances
04-21 18:16:31.985  1702  1733 V AlarmClock: AlarmInitReceiver finished
04-21 18:16:31.988   491  1871 I ActivityManager: Killing 1683:android.ext.services/u0a62 (adj 985): empty #17
04-21 18:16:32.005   220   220 D Zygote  : Forked child process 2364
04-21 18:16:32.007   491   521 I ActivityManager: Start proc 2364:com.android.dynsystem/1000 for broadcast {com.android.dynsystem/com.android.dynsystem.BootCompletedReceiver}
04-21 18:16:32.017  2364  2364 I Zygote  : seccomp disabled by setenforce 0
04-21 18:16:32.037   220   220 I Zygote  : Process 1683 exited due to signal 9 (Killed)
04-21 18:16:32.104   491   504 I system_server: Background concurrent copying GC freed 36501(2595KB) AllocSpace objects, 31(3240KB) LOS objects, 24% free, 8168KB/10MB, paused 345us total 473.558ms
04-21 18:16:32.132  1572  1572 I GoogleInputMethodService: GoogleInputMethodService.onFinishInput():3341 
04-21 18:16:32.133  1572  1572 I GoogleInputMethodService: GoogleInputMethodService.onStartInput():1906 
04-21 18:16:32.154   491  1334 D DynamicSystemService: GsiService is not ready, wait for 64ms
04-21 18:16:32.192  2384  2384 I gsid    : type=1400 audit(0.0:315): avc: denied { write } for name="tasks" dev="tmpfs" ino=11729 scontext=u:r:gsid:s0 tcontext=u:object_r:device:s0 tclass=file permissive=1
04-21 18:16:32.192  2384  2384 I gsid    : type=1400 audit(0.0:316): avc: denied { open } for path="/dev/stune/foreground/tasks" dev="tmpfs" ino=11729 scontext=u:r:gsid:s0 tcontext=u:object_r:device:s0 tclass=file permissive=1
04-21 18:16:32.226   167   167 I ServiceManager: service 'gsiservice' died
04-21 18:16:32.226   491  1871 W DynamicSystemService: gsiservice died; reconnecting
04-21 18:16:32.235   491  1447 I BroadcastQueue: Delay finish: com.android.email/.service.EmailUpgradeBroadcastReceiver
04-21 18:16:32.240   491  1787 D PackageManager: Instant App installer not found with android.intent.action.INSTALL_INSTANT_APP_PACKAGE_TEST
04-21 18:16:32.240   491  1787 D PackageManager: Instant App installer not found with android.intent.action.INSTALL_INSTANT_APP_PACKAGE
04-21 18:16:32.240   491  1787 D PackageManager: Clear ephemeral installer activity
04-21 18:16:32.240   491  1334 D PackageManager: Instant App installer not found with android.intent.action.INSTALL_INSTANT_APP_PACKAGE_TEST
04-21 18:16:32.241   491  1334 D PackageManager: Instant App installer not found with android.intent.action.INSTALL_INSTANT_APP_PACKAGE
04-21 18:16:32.241   491  1334 D PackageManager: Clear ephemeral installer activity
04-21 18:16:32.251   491   509 D PackageManager: Instant App installer not found with android.intent.action.INSTALL_INSTANT_APP_PACKAGE_TEST
04-21 18:16:32.251   491   509 D PackageManager: Instant App installer not found with android.intent.action.INSTALL_INSTANT_APP_PACKAGE
04-21 18:16:32.251   491   509 D PackageManager: Clear ephemeral installer activity
04-21 18:16:32.253   491  1787 I BroadcastQueue: Resuming delayed broadcast
04-21 18:16:32.261   491  1301 I BroadcastQueue: Delay finish: com.android.email/.service.EmailBroadcastReceiver
04-21 18:16:32.264  1995  2387 I Email   : Onetime initialization: 1
04-21 18:16:32.266  1995  2387 I Email   : Onetime initialization: 2
04-21 18:16:32.269  1995  2387 I Email   : Onetime initialization: completed.
04-21 18:16:32.281  1973  1973 I Exchange: EasService.onCreate
04-21 18:16:32.284  1973  2059 I Exchange: RestartPingTask
04-21 18:16:32.286  1973  1973 D StrictMode: StrictMode policy violation; ~duration=3 ms: android.os.strictmode.DiskReadViolation
04-21 18:16:32.286  1973  1973 D StrictMode: 	at android.os.StrictMode$AndroidBlockGuardPolicy.onReadFromDisk(StrictMode.java:1556)
04-21 18:16:32.286  1973  1973 D StrictMode: 	at libcore.io.BlockGuardOs.access(BlockGuardOs.java:69)
04-21 18:16:32.286  1973  1973 D StrictMode: 	at libcore.io.ForwardingOs.access(ForwardingOs.java:73)
04-21 18:16:32.286  1973  1973 D StrictMode: 	at android.app.ActivityThread$AndroidOs.access(ActivityThread.java:7246)
04-21 18:16:32.286  1973  1973 D StrictMode: 	at java.io.UnixFileSystem.checkAccess(UnixFileSystem.java:281)
04-21 18:16:32.286  1973  1973 D StrictMode: 	at java.io.File.exists(File.java:815)
04-21 18:16:32.286  1973  1973 D StrictMode: 	at android.app.ContextImpl.getDataDir(ContextImpl.java:2349)
04-21 18:16:32.286  1973  1973 D StrictMode: 	at android.app.ContextImpl.getCacheDir(ContextImpl.java:732)
04-21 18:16:32.286  1973  1973 D StrictMode: 	at android.content.ContextWrapper.getCacheDir(ContextWrapper.java:273)
04-21 18:16:32.286  1973  1973 D StrictMode: 	at com.android.emailcommon.TempDirectory.setTempDirectory(TempDirectory.java:31)
04-21 18:16:32.286  1973  1973 D StrictMode: 	at com.android.exchange.service.EasService.onCreate(EasService.java:347)
04-21 18:16:32.286  1973  1973 D StrictMode: 	at android.app.ActivityThread.handleCreateService(ActivityThread.java:3953)
04-21 18:16:32.286  1973  1973 D StrictMode: 	at android.app.ActivityThread.access$1500(ActivityThread.java:219)
04-21 18:16:32.286  1973  1973 D StrictMode: 	at android.app.ActivityThread$H.handleMessage(ActivityThread.java:1875)
04-21 18:16:32.286  1973  1973 D StrictMode: 	at android.os.Handler.dispatchMessage(Handler.java:107)
04-21 18:16:32.286  1973  1973 D StrictMode: 	at android.os.Looper.loop(Looper.java:214)
04-21 18:16:32.286  1973  1973 D StrictMode: 	at android.app.ActivityThread.main(ActivityThread.java:7356)
04-21 18:16:32.286  1973  1973 D StrictMode: 	at java.lang.reflect.Method.invoke(Native Method)
04-21 18:16:32.286  1973  1973 D StrictMode: 	at com.android.internal.os.RuntimeInit$MethodAndArgsCaller.run(RuntimeInit.java:491)
04-21 18:16:32.286  1973  1973 D StrictMode: 	at com.android.internal.os.ZygoteInit.main(ZygoteInit.java:940)
04-21 18:16:32.300  1973  1973 D StrictMode: StrictMode policy violation; ~duration=2 ms: android.os.strictmode.DiskReadViolation
04-21 18:16:32.300  1973  1973 D StrictMode: 	at android.os.StrictMode$AndroidBlockGuardPolicy.onReadFromDisk(StrictMode.java:1556)
04-21 18:16:32.300  1973  1973 D StrictMode: 	at libcore.io.BlockGuardOs.access(BlockGuardOs.java:69)
04-21 18:16:32.300  1973  1973 D StrictMode: 	at libcore.io.ForwardingOs.access(ForwardingOs.java:73)
04-21 18:16:32.300  1973  1973 D StrictMode: 	at android.app.ActivityThread$AndroidOs.access(ActivityThread.java:7246)
04-21 18:16:32.300  1973  1973 D StrictMode: 	at java.io.UnixFileSystem.checkAccess(UnixFileSystem.java:281)
04-21 18:16:32.300  1973  1973 D StrictMode: 	at java.io.File.exists(File.java:815)
04-21 18:16:32.300  1973  1973 D StrictMode: 	at android.app.ContextImpl.ensurePrivateDirExists(ContextImpl.java:645)
04-21 18:16:32.300  1973  1973 D StrictMode: 	at android.app.ContextImpl.ensurePrivateCacheDirExists(ContextImpl.java:641)
04-21 18:16:32.300  1973  1973 D StrictMode: 	at android.app.ContextImpl.getCacheDir(ContextImpl.java:734)
04-21 18:16:32.300  1973  1973 D StrictMode: 	at android.content.ContextWrapper.getCacheDir(ContextWrapper.java:273)
04-21 18:16:32.300  1973  1973 D StrictMode: 	at com.android.emailcommon.TempDirectory.setTempDirectory(TempDirectory.java:31)
04-21 18:16:32.300  1973  1973 D StrictMode: 	at com.android.exchange.service.EasService.onCreate(EasService.java:347)
04-21 18:16:32.300  1973  1973 D StrictMode: 	at android.app.ActivityThread.handleCreateService(ActivityThread.java:3953)
04-21 18:16:32.300  1973  1973 D StrictMode: 	at android.app.ActivityThread.access$1500(ActivityThread.java:219)
04-21 18:16:32.300  1973  1973 D StrictMode: 	at android.app.ActivityThread$H.handleMessage(ActivityThread.java:1875)
04-21 18:16:32.300  1973  1973 D StrictMode: 	at android.os.Handler.dispatchMessage(Handler.java:107)
04-21 18:16:32.300  1973  1973 D StrictMode: 	at android.os.Looper.loop(Looper.java:214)
04-21 18:16:32.300  1973  1973 D StrictMode: 	at android.app.ActivityThread.main(ActivityThread.java:7356)
04-21 18:16:32.300  1973  1973 D StrictMode: 	at java.lang.reflect.Method.invoke(Native Method)
04-21 18:16:32.300  1973  1973 D StrictMode: 	at com.android.internal.os.RuntimeInit$MethodAndArgsCaller.run(RuntimeInit.java:491)
04-21 18:16:32.300  1973  1973 D StrictMode: 	at com.android.internal.os.ZygoteInit.main(ZygoteInit.java:940)
04-21 18:16:32.300   491   513 I DropBoxManagerService: add tag=system_app_strictmode isTagEnabled=true flags=0x2
04-21 18:16:32.306  1973  1973 D StrictMode: StrictMode policy violation; ~duration=2 ms: android.os.strictmode.DiskReadViolation
04-21 18:16:32.306  1973  1973 D StrictMode: 	at android.os.StrictMode$AndroidBlockGuardPolicy.onReadFromDisk(StrictMode.java:1556)
04-21 18:16:32.306  1973  1973 D StrictMode: 	at libcore.io.BlockGuardOs.access(BlockGuardOs.java:69)
04-21 18:16:32.306  1973  1973 D StrictMode: 	at libcore.io.ForwardingOs.access(ForwardingOs.java:73)
04-21 18:16:32.306  1973  1973 D StrictMode: 	at android.app.ActivityThread$AndroidOs.access(ActivityThread.java:7246)
04-21 18:16:32.306  1973  1973 D StrictMode: 	at java.io.UnixFileSystem.checkAccess(UnixFileSystem.java:281)
04-21 18:16:32.306  1973  1973 D StrictMode: 	at java.io.File.exists(File.java:815)
04-21 18:16:32.306  1973  1973 D StrictMode: 	at android.app.ContextImpl.getDataDir(ContextImpl.java:2349)
04-21 18:16:32.306  1973  1973 D StrictMode: 	at android.app.ContextImpl.getPreferencesDir(ContextImpl.java:590)
04-21 18:16:32.306  1973  1973 D StrictMode: 	at android.app.ContextImpl.getSharedPreferencesPath(ContextImpl.java:787)
04-21 18:16:32.306  1973  1973 D StrictMode: 	at android.app.ContextImpl.getSharedPreferences(ContextImpl.java:439)
04-21 18:16:32.306  1973  1973 D StrictMode: 	at android.content.ContextWrapper.getSharedPreferences(ContextWrapper.java:178)
04-21 18:16:32.306  1973  1973 D StrictMode: 	at com.android.exchange.service.EasService.onCreate(EasService.java:354)
04-21 18:16:32.306  1973  1973 D StrictMode: 	at android.app.ActivityThread.handleCreateService(ActivityThread.java:3953)
04-21 18:16:32.306  1973  1973 D StrictMode: 	at android.app.ActivityThread.access$1500(ActivityThread.java:219)
04-21 18:16:32.306  1973  1973 D StrictMode: 	at android.app.ActivityThread$H.handleMessage(ActivityThread.java:1875)
04-21 18:16:32.306  1973  1973 D StrictMode: 	at android.os.Handler.dispatchMessage(Handler.java:107)
04-21 18:16:32.306  1973  1973 D StrictMode: 	at android.os.Looper.loop(Looper.java:214)
04-21 18:16:32.306  1973  1973 D StrictMode: 	at android.app.ActivityThread.main(ActivityThread.java:7356)
04-21 18:16:32.306  1973  1973 D StrictMode: 	at java.lang.reflect.Method.invoke(Native Method)
04-21 18:16:32.306  1973  1973 D StrictMode: 	at com.android.internal.os.RuntimeInit$MethodAndArgsCaller.run(RuntimeInit.java:491)
04-21 18:16:32.306  1973  1973 D StrictMode: 	at com.android.internal.os.ZygoteInit.main(ZygoteInit.java:940)
04-21 18:16:32.318   491   513 I chatty  : uid=1000(system) android.io identical 2 lines
04-21 18:16:32.319  1973  1973 D StrictMode: StrictMode policy violation; ~duration=2 ms: android.os.strictmode.DiskReadViolation
04-21 18:16:32.319  1973  1973 D StrictMode: 	at android.os.StrictMode$AndroidBlockGuardPolicy.onReadFromDisk(StrictMode.java:1556)
04-21 18:16:32.319  1973  1973 D StrictMode: 	at libcore.io.BlockGuardOs.access(BlockGuardOs.java:69)
04-21 18:16:32.319  1973  1973 D StrictMode: 	at libcore.io.ForwardingOs.access(ForwardingOs.java:73)
04-21 18:16:32.319  1973  1973 D StrictMode: 	at android.app.ActivityThread$AndroidOs.access(ActivityThread.java:7246)
04-21 18:16:32.319  1973  1973 D StrictMode: 	at java.io.UnixFileSystem.checkAccess(UnixFileSystem.java:281)
04-21 18:16:32.319  1973  1973 D StrictMode: 	at java.io.File.exists(File.java:815)
04-21 18:16:32.319  1973  1973 D StrictMode: 	at android.app.ContextImpl.ensurePrivateDirExists(ContextImpl.java:645)
04-21 18:16:32.319  1973  1973 D StrictMode: 	at android.app.ContextImpl.ensurePrivateDirExists(ContextImpl.java:636)
04-21 18:16:32.319  1973  1973 D StrictMode: 	at android.app.ContextImpl.getPreferencesDir(ContextImpl.java:592)
04-21 18:16:32.319  1973  1973 D StrictMode: 	at android.app.ContextImpl.getSharedPreferencesPath(ContextImpl.java:787)
04-21 18:16:32.319  1973  1973 D StrictMode: 	at android.app.ContextImpl.getSharedPreferences(ContextImpl.java:439)
04-21 18:16:32.319  1973  1973 D StrictMode: 	at android.content.ContextWrapper.getSharedPreferences(ContextWrapper.java:178)
04-21 18:16:32.319  1973  1973 D StrictMode: 	at com.android.exchange.service.EasService.onCreate(EasService.java:354)
04-21 18:16:32.319  1973  1973 D StrictMode: 	at android.app.ActivityThread.handleCreateService(ActivityThread.java:3953)
04-21 18:16:32.319  1973  1973 D StrictMode: 	at android.app.ActivityThread.access$1500(ActivityThread.java:219)
04-21 18:16:32.319  1973  1973 D StrictMode: 	at android.app.ActivityThread$H.handleMessage(ActivityThread.java:1875)
04-21 18:16:32.319  1973  1973 D StrictMode: 	at android.os.Handler.dispatchMessage(Handler.java:107)
04-21 18:16:32.319  1973  1973 D StrictMode: 	at android.os.Looper.loop(Looper.java:214)
04-21 18:16:32.319  1973  1973 D StrictMode: 	at android.app.ActivityThread.main(ActivityThread.java:7356)
04-21 18:16:32.319  1973  1973 D StrictMode: 	at java.lang.reflect.Method.invoke(Native Method)
04-21 18:16:32.319  1973  1973 D StrictMode: 	at com.android.internal.os.RuntimeInit$MethodAndArgsCaller.run(RuntimeInit.java:491)
04-21 18:16:32.319  1973  1973 D StrictMode: 	at com.android.internal.os.ZygoteInit.main(ZygoteInit.java:940)
04-21 18:16:32.322   491   513 I DropBoxManagerService: add tag=system_app_strictmode isTagEnabled=true flags=0x2
04-21 18:16:32.331  1973  1973 I Exchange: RestartPingsTask did not start any pings.
04-21 18:16:32.331  1973  1973 I Exchange: PSS stopIfIdle
04-21 18:16:32.331  1973  1973 I Exchange: PSS has no active accounts; stopping service.
04-21 18:16:32.335  1995  1995 E ActivityThread: Service com.android.email.service.EmailBroadcastProcessorService has leaked ServiceConnection com.android.emailcommon.service.ServiceProxy$ProxyConnection@85b53dd that was originally bound here
04-21 18:16:32.335  1995  1995 E ActivityThread: android.app.ServiceConnectionLeaked: Service com.android.email.service.EmailBroadcastProcessorService has leaked ServiceConnection com.android.emailcommon.service.ServiceProxy$ProxyConnection@85b53dd that was originally bound here
04-21 18:16:32.335  1995  1995 E ActivityThread: 	at android.app.LoadedApk$ServiceDispatcher.<init>(LoadedApk.java:1810)
04-21 18:16:32.335  1995  1995 E ActivityThread: 	at android.app.LoadedApk.getServiceDispatcherCommon(LoadedApk.java:1682)
04-21 18:16:32.335  1995  1995 E ActivityThread: 	at android.app.LoadedApk.getServiceDispatcher(LoadedApk.java:1661)
04-21 18:16:32.335  1995  1995 E ActivityThread: 	at android.app.ContextImpl.bindServiceCommon(ContextImpl.java:1721)
04-21 18:16:32.335  1995  1995 E ActivityThread: 	at android.app.ContextImpl.bindService(ContextImpl.java:1650)
04-21 18:16:32.335  1995  1995 E ActivityThread: 	at android.content.ContextWrapper.bindService(ContextWrapper.java:705)
04-21 18:16:32.335  1995  1995 E ActivityThread: 	at com.android.emailcommon.service.ServiceProxy.setTask(ServiceProxy.java:189)
04-21 18:16:32.335  1995  1995 E ActivityThread: 	at com.android.emailcommon.service.ServiceProxy.test(ServiceProxy.java:234)
04-21 18:16:32.335  1995  1995 E ActivityThread: 	at com.android.email.service.EmailServiceUtils.isServiceAvailable(EmailServiceUtils.java:160)
04-21 18:16:32.335  1995  1995 E ActivityThread: 	at com.android.email.provider.AccountReconciler.reconcileAccountsInternal(AccountReconciler.java:171)
04-21 18:16:32.335  1995  1995 E ActivityThread: 	at com.android.email.provider.AccountReconciler.reconcileAccounts(AccountReconciler.java:115)
04-21 18:16:32.335  1995  1995 E ActivityThread: 	at com.android.email.service.EmailBroadcastProcessorService.reconcileAndStartServices(EmailBroadcastProcessorService.java:309)
04-21 18:16:32.335  1995  1995 E ActivityThread: 	at com.android.email.service.EmailBroadcastProcessorService.onBootCompleted(EmailBroadcastProcessorService.java:295)
04-21 18:16:32.335  1995  1995 E ActivityThread: 	at com.android.email.service.EmailBroadcastProcessorService.onHandleIntent(EmailBroadcastProcessorService.java:130)
04-21 18:16:32.335  1995  1995 E ActivityThread: 	at android.app.IntentService$ServiceHandler.handleMessage(IntentService.java:78)
04-21 18:16:32.335  1995  1995 E ActivityThread: 	at android.os.Handler.dispatchMessage(Handler.java:107)
04-21 18:16:32.335  1995  1995 E ActivityThread: 	at android.os.Looper.loop(Looper.java:214)
04-21 18:16:32.335  1995  1995 E ActivityThread: 	at android.os.HandlerThread.run(HandlerThread.java:67)
04-21 18:16:32.337  1973  1973 I Exchange: onDestroy
04-21 18:16:32.338  1995  2050 E EmailServiceProxy: RuntimeException when trying to unbind from service
04-21 18:16:32.338  1995  2050 E EmailServiceProxy: java.lang.IllegalArgumentException: Service not registered: com.android.emailcommon.service.ServiceProxy$ProxyConnection@85b53dd
04-21 18:16:32.338  1995  2050 E EmailServiceProxy: 	at android.app.LoadedApk.forgetServiceDispatcher(LoadedApk.java:1756)
04-21 18:16:32.338  1995  2050 E EmailServiceProxy: 	at android.app.ContextImpl.unbindService(ContextImpl.java:1776)
04-21 18:16:32.338  1995  2050 E EmailServiceProxy: 	at android.content.ContextWrapper.unbindService(ContextWrapper.java:741)
04-21 18:16:32.338  1995  2050 E EmailServiceProxy: 	at com.android.emailcommon.service.ServiceProxy$ProxyConnection$1.doInBackground(ServiceProxy.java:126)
04-21 18:16:32.338  1995  2050 E EmailServiceProxy: 	at com.android.emailcommon.service.ServiceProxy$ProxyConnection$1.doInBackground(ServiceProxy.java:113)
04-21 18:16:32.338  1995  2050 E EmailServiceProxy: 	at android.os.AsyncTask$3.call(AsyncTask.java:378)
04-21 18:16:32.338  1995  2050 E EmailServiceProxy: 	at java.util.concurrent.FutureTask.run(FutureTask.java:266)
04-21 18:16:32.338  1995  2050 E EmailServiceProxy: 	at android.os.AsyncTask$SerialExecutor$1.run(AsyncTask.java:289)
04-21 18:16:32.338  1995  2050 E EmailServiceProxy: 	at java.util.concurrent.ThreadPoolExecutor.runWorker(ThreadPoolExecutor.java:1167)
04-21 18:16:32.338  1995  2050 E EmailServiceProxy: 	at java.util.concurrent.ThreadPoolExecutor$Worker.run(ThreadPoolExecutor.java:641)
04-21 18:16:32.338  1995  2050 E EmailServiceProxy: 	at java.lang.Thread.run(Thread.java:919)
04-21 18:16:32.721   491  1787 I ActivityTaskManager: START u0 {act=com.android.wizard.NEXT cmp=org.lineageos.setupwizard/.wizardmanager.WizardManager (has extras)} from uid 1000
04-21 18:16:32.795  1788  1788 W ActivityThread: handleWindowVisibility: no activity for token android.os.BinderProxy@8a3d119
04-21 18:16:32.806   491  1760 I ActivityTaskManager: START u0 {act=org.lineageos.setupwizard.LINEAGE_SETUP_COMPLETE flg=0x4000000 cmp=org.lineageos.setupwizard/.FinishActivity (has extras)} from uid 1000
04-21 18:16:32.854  1788  1788 W ActivityThread: handleWindowVisibility: no activity for token android.os.BinderProxy@29765d5
04-21 18:16:33.095  1572  1572 I GoogleInputMethodService: GoogleInputMethodService.onFinishInput():3341 
04-21 18:16:33.096  1572  1572 I GoogleInputMethodService: GoogleInputMethodService.onStartInput():1906 
04-21 18:16:34.305   491  1333 W ActivityTaskManager: Finishing task with all activities already finished
04-21 18:16:34.305   491  1333 W ActivityTaskManager: Duplicate finish request for ActivityRecord{a7e4654 u0 org.lineageos.setupwizard/.FinishActivity t3 f}
04-21 18:16:34.308   491  1447 I ActivityTaskManager: START u0 {act=com.android.wizard.NEXT cmp=org.lineageos.setupwizard/.wizardmanager.WizardManager (has extras)} from uid 1000
04-21 18:16:34.309   491  1447 W ActivityTaskManager: startActivity called from finishing ActivityRecord{a7e4654 u0 org.lineageos.setupwizard/.FinishActivity t3 f}; forcing Intent.FLAG_ACTIVITY_NEW_TASK for: Intent { act=com.android.wizard.NEXT flg=0x800000 cmp=org.lineageos.setupwizard/.wizardmanager.WizardManager (has extras) }
04-21 18:16:34.367  1788  1788 W ActivityThread: handleWindowVisibility: no activity for token android.os.BinderProxy@55ca9c1
04-21 18:16:34.389   491  1870 I ActivityTaskManager: START u0 {act=org.lineageos.setupwizard.EXIT flg=0x4000000 cmp=org.lineageos.setupwizard/.SetupWizardExitActivity (has extras)} from uid 1000
04-21 18:16:34.528  1788  1788 W ActivityThread: handleWindowVisibility: no activity for token android.os.BinderProxy@2c604bb
04-21 18:16:34.540  1788  1788 I SetupWizardApp: Enabling notfications - StatusBarManager
04-21 18:16:34.543   491   491 V SettingsProvider: Notifying for 0: content://settings/global/captive_portal_detection_enabled
04-21 18:16:34.549   491  2313 I ActivityTaskManager: START u0 {act=android.intent.action.MAIN cat=[android.intent.category.HOME] flg=0x10008000 cmp=org.lineageos.setupwizard/.SetupWizardActivity} from uid 1000
04-21 18:16:34.567  1788  1788 W ContextImpl: Calling a method in the system process without a qualified user: android.app.ContextImpl.startService:1570 android.content.ContextWrapper.startService:669 org.lineageos.setupwizard.SetupWizardExitActivity.onCreate:53 android.app.Activity.performCreate:7824 android.app.Activity.performCreate:7813 
04-21 18:16:34.588  1788  1788 W ActivityThread: handleWindowVisibility: no activity for token android.os.BinderProxy@ac94f84
04-21 18:16:34.598   491   491 I LockSettingsService: Reporting device setup complete to IGateKeeperService
04-21 18:16:34.601   302   302 D PermissionCache: checking android.permission.ACCESS_KEYGUARD_SECURE_STORAGE for uid=1000 => granted (1360 us)
04-21 18:16:34.602   302   302 I gatekeeperd: cold boot: clearing state
04-21 18:16:34.603   491   508 D PackageManager: Instant App installer not found with android.intent.action.INSTALL_INSTANT_APP_PACKAGE_TEST
04-21 18:16:34.603   491   508 D PackageManager: Instant App installer not found with android.intent.action.INSTALL_INSTANT_APP_PACKAGE
04-21 18:16:34.604   491   508 D PackageManager: Clear ephemeral installer activity
04-21 18:16:34.604   491   491 V SettingsProvider: Notifying for 0: content://settings/global/device_provisioned
04-21 18:16:34.606   491  1760 D PackageManager: Instant App installer not found with android.intent.action.INSTALL_INSTANT_APP_PACKAGE_TEST
04-21 18:16:34.607   491  1760 D PackageManager: Instant App installer not found with android.intent.action.INSTALL_INSTANT_APP_PACKAGE
04-21 18:16:34.607   491  1760 D PackageManager: Clear ephemeral installer activity
04-21 18:16:34.608  1239  1239 D DeviceProvisionedControllerImpl: Setting change: content://settings/global/device_provisioned
04-21 18:16:34.609   491  2313 D PackageManager: Instant App installer not found with android.intent.action.INSTALL_INSTANT_APP_PACKAGE_TEST
04-21 18:16:34.610   491  2313 D PackageManager: Instant App installer not found with android.intent.action.INSTALL_INSTANT_APP_PACKAGE
04-21 18:16:34.610   491  2313 D PackageManager: Clear ephemeral installer activity
04-21 18:16:34.610  1788  1788 W SetupWizardUtils: Home component not found. Skipping.
04-21 18:16:34.617   491  1868 D PackageManager: Instant App installer not found with android.intent.action.INSTALL_INSTANT_APP_PACKAGE_TEST
04-21 18:16:34.617   491  1868 D PackageManager: Instant App installer not found with android.intent.action.INSTALL_INSTANT_APP_PACKAGE
04-21 18:16:34.617   491  1868 D PackageManager: Clear ephemeral installer activity
04-21 18:16:34.619   491   491 V SettingsProvider: Notifying for 0: content://settings/secure/user_setup_complete
04-21 18:16:34.620   491   509 W ActivityManager: stopServiceToken startId 1 is last, but have 1 remaining args
04-21 18:16:34.621   491   491 I DevicePolicyManager: Set ro.device_owner property to false
04-21 18:16:34.621   491   514 D ColorDisplayService: setUp: currentUser=0
04-21 18:16:34.631   491  1333 I ActivityTaskManager: START u0 {act=android.intent.action.MAIN cat=[android.intent.category.HOME] flg=0x10000100 cmp=com.android.launcher3/.lineage.LineageLauncher} from uid 0
04-21 18:16:34.633   491   514 D ColorDisplayService: onNightDisplayAutoModeChanged: autoMode=0
04-21 18:16:34.633   491   514 I ColorDisplayService: Turning off night display
04-21 18:16:34.635  1239  1239 D DeviceProvisionedControllerImpl: Setting change: content://settings/secure/user_setup_complete
04-21 18:16:34.638  1239  1239 D StatusBar: mUserSetupObserver - DeviceProvisionedListener called for user 0
04-21 18:16:34.644   243   243 I surfaceflinger: type=1400 audit(0.0:317): avc: denied { ioctl } for path="/dev/tegra_dc_0" dev="tmpfs" ino=11191 ioctlcmd=4413 scontext=u:r:surfaceflinger:s0 tcontext=u:object_r:device:s0 tclass=chr_file permissive=1
04-21 18:16:34.652  1239  1239 D StatusBar: updateQsExpansionEnabled - QS Expand enabled: true
04-21 18:16:34.664   491   515 E system_server: Invalid ID 0x00000000.
04-21 18:16:34.667   491   515 W System  : ClassLoader referenced unknown path: 
04-21 18:16:34.672   491   519 D PinnerService: pinRangeStream: null
04-21 18:16:34.675   491   514 D ColorDisplayService: NightDisplayTintController Animation cancelled: false to matrix: 
04-21 18:16:34.675   491   514 D ColorDisplayService:        1.000000 0.000000 0.000000 0.000000 0.000000 1.000000 0.000000 0.000000 0.000000 0.000000 1.000000 0.000000 0.000000 0.000000 0.000000 1.000000 min matrix coefficients: 
04-21 18:16:34.675   491   514 D ColorDisplayService:        1.000000 0.000000 0.000000 0.000000 0.000000 1.000000 0.000000 0.000000 0.000000 0.000000 1.000000 0.000000 0.000000 0.000000 0.000000 1.000000 max matrix coefficients: 
04-21 18:16:34.675   491   514 D ColorDisplayService:        1.000000 0.000000 0.000000 0.000000 0.000000 1.000000 0.000000 0.000000 0.000000 0.000000 1.000000 0.000000 0.000000 0.000000 0.000000 1.000000
04-21 18:16:34.686  1239  1239 I RenderThread: type=1400 audit(0.0:318): avc: denied { ioctl } for path="/dev/nvmap" dev="tmpfs" ino=11234 ioctlcmd=4e08 scontext=u:r:platform_app:s0:c512,c768 tcontext=u:object_r:device:s0 tclass=chr_file permissive=1 app=com.android.systemui
04-21 18:16:34.689   220   220 D Zygote  : Forked child process 2404
04-21 18:16:34.693   491   521 I ActivityManager: Start proc 2404:com.android.launcher3/u0a91 for top-activity {com.android.launcher3/com.android.launcher3.lineage.LineageLauncher}
04-21 18:16:34.694  2404  2404 I Zygote  : seccomp disabled by setenforce 0
04-21 18:16:34.696  2404  2404 I chatty  : uid=10091(com.android.launcher3) identical 10 lines
04-21 18:16:34.699   491   491 I android.anim: type=1400 audit(0.0:321): avc: denied { ioctl } for path="/dev/nvmap" dev="tmpfs" ino=11234 ioctlcmd=4e10 scontext=u:r:system_server:s0 tcontext=u:object_r:device:s0 tclass=chr_file permissive=1
04-21 18:16:34.711   491   519 D PinnerService: pinRangeStream: null
04-21 18:16:34.712   491   519 D PinnerService: pinRangeStream: null
04-21 18:16:34.713  1572  1572 I MaestroExtensionImpl: MaestroExtensionImpl.connectToAssistantIfAvailable():409 connectToAssistantIfAvailable() : Creating integration client.
04-21 18:16:34.720  1572  1623 I KeyboardGroupDefParser: KeyboardGroupDefParser.parseKeyboardGroupDef():89 parseKeyboardGroupDef() 2132148495 -> extension_maestro_keyboards : WaitTime = 1 ms : RunTime = 8 ms
04-21 18:16:34.722   491   512 D AutofillUI: destroySaveUiUiThread(): already destroyed
04-21 18:16:34.722   491   519 D AutofillManagerServiceImpl: Reset component for user 0:
04-21 18:16:34.722   491   519 D AutofillManagerServiceImpl: Reset component for user 0:
04-21 18:16:34.722   491   519 D FieldClassificationStrategy: reset(): service is not bound. Do nothing.
04-21 18:16:34.722   491   512 D AutofillUI: destroySaveUiUiThread(): already destroyed
04-21 18:16:34.735   491  1760 W OomAdjuster: Fallback pre-set sched group to default: not expected top priority
04-21 18:16:34.752  1239  1239 D ImageWallpaper: wallpaper visibility changes to: true
04-21 18:16:34.760   491   491 I android.anim.lf: type=1400 audit(0.0:322): avc: denied { call } for scontext=u:r:system_server:s0 tcontext=u:r:init:s0 tclass=binder permissive=1
04-21 18:16:34.790   491  1760 W ActivityManager: Slow operation: 56ms so far, now at attachApplicationLocked: after mServices.attachApplicationLocked
04-21 18:16:34.791  1572  2425 E ActivityThread: Failed to find provider info for com.google.android.googlequicksearchbox.GsaPublicContentProvider
04-21 18:16:34.791  1572  2425 W AssistantConfig: appIntegrationDataInBase64 is null
04-21 18:16:34.809  1572  2427 E ActivityThread: Failed to find provider info for com.google.android.googlequicksearchbox.GsaPublicContentProvider
04-21 18:16:34.809  1572  2427 W AssistantConfig: appIntegrationDataInBase64 is null
04-21 18:16:34.862  1572  2403 W LensSdkParamsReader: Unable to find agsa package: com.google.android.googlequicksearchbox
04-21 18:16:34.864  1572  2403 I LensSdkParamsReader: Lens SDK version is: 1.2.1
04-21 18:16:34.875  1572  2427 I chatty  : uid=10088(com.google.android.inputmethod.latin) AsyncTask #2 identical 1 line
04-21 18:16:34.876  1572  2427 E ActivityThread: Failed to find provider info for com.google.android.googlequicksearchbox.GsaPublicContentProvider
04-21 18:16:34.876  1572  1572 I LensSdkParamsReader: Lens availability result:4
04-21 18:16:34.876  1572  1572 I LensSdkParamsReader: Stickers availability result:4
04-21 18:16:34.909  1572  1607 I ContentCacheModule: ContentCacheModule.lambda$loadKeywordMappingsAsync$2():269 Loaded 0 keyword --> image mappings and 0 keyword --> timestamp mappings
04-21 18:16:34.923  1572  1962 I SP      : Registering content_cache.2020101916, url: https://www.gstatic.com/android/keyboard/modelpack/contentcache/202010191648/superpacks_manifest.json, constraints: W:*, flags: bg, requested: 2020101916, current: -1
04-21 18:16:34.961  1572  1962 I SP      : Scheduling job with delay of 0s for {W:b, bg}, 1 candidates
04-21 18:16:34.976  1572  1962 I SP      : Scheduling: download registered, 0 started, 0 paused, 1 scheduled, 1 pending: manifests:content_cache-2020101916 * {W:b, bg}
04-21 18:16:35.035  1572  1937 W GooglePlayServicesUtil: com.google.android.inputmethod.latin requires the Google Play Store, but it is missing.
04-21 18:16:35.036  1572  1937 W GoogleApiManager: The service for ijn is not available: ConnectionResult{statusCode=SERVICE_INVALID, resolution=null, message=null}
04-21 18:16:35.037  2404  2437 I chatty  : uid=10091(com.android.launcher3) expire 3 lines
04-21 18:16:35.084  1572  2438 I NetworkInfoNotification: NetworkInfoNotification$Listener.onReceive():89 onNetworkLost: networkState = NO_CONNECTION, isAirplaneModeOn = false
04-21 18:16:35.086  1572  2403 I Environment: Environment.isPackageInstalled():297 com.bitstrips.imoji is not installed
04-21 18:16:35.469   491  1871 D libEGL  : loaded /vendor/lib/egl/libEGL_tegra.so
04-21 18:16:35.504   491  1871 D libEGL  : loaded /vendor/lib/egl/libGLESv1_CM_tegra.so
04-21 18:16:35.512   491  1871 D libEGL  : loaded /vendor/lib/egl/libGLESv2_tegra.so
04-21 18:16:35.544  1239  1239 D StatusBar: disable<e i A s b h r c S > disable2<q i n >
04-21 18:16:35.906   491  2313 W ActivityManager: Unable to start service Intent { act=com.android.launcher3.WINDOW_OVERLAY dat=app://com.android.launcher3:10091?v=9&cv=14 pkg=com.google.android.googlequicksearchbox } U=0: not found
04-21 18:16:35.912   491  1301 W ActivityManager: Unable to start service Intent { act=com.android.launcher3.WINDOW_OVERLAY dat=app://com.android.launcher3:10091?v=9&cv=14 pkg=com.google.android.googlequicksearchbox } U=0: not found
04-21 18:16:35.921   491  2313 E WindowManager: App trying to use insecure INPUT_FEATURE_NO_INPUT_CHANNEL flag. Ignoring
04-21 18:16:36.004  2404  2440 I chatty  : uid=10091(com.android.launcher3) launcher-loader expire 19 lines
04-21 18:16:36.068  2404  2435 I chatty  : uid=10091(com.android.launcher3) RenderThread expire 5 lines
04-21 18:16:36.085  2282  2297 W System  : A resource failed to call close. 
04-21 18:16:36.101  2404  2440 I chatty  : uid=10091(com.android.launcher3) launcher-loader expire 3 lines
04-21 18:16:36.231   168   168 I hwservicemanager: getTransport: Cannot find entry android.hardware.graphics.mapper@3.0::IMapper/default in either framework or device manifest.
04-21 18:16:36.240  2404  2404 I chatty  : uid=10091(com.android.launcher3) expire 4 lines
04-21 18:16:36.258   491   519 I ActivityTaskManager: Displayed com.android.launcher3/.lineage.LineageLauncher: +1s619ms
04-21 18:16:36.285   491   514 I ActivityManager: Killing 1764:com.android.documentsui/u0a58 (adj 985): empty #17
04-21 18:16:36.302   228   228 I health@2.0-serv: type=1400 audit(0.0:339): avc: denied { read } for name="present" dev="sysfs" ino=9076 scontext=u:r:init:s0 tcontext=u:object_r:sysfs:s0 tclass=file permissive=1
04-21 18:16:36.311   220   220 I Zygote  : Process 1764 exited due to signal 9 (Killed)
04-21 18:16:36.331   491   522 I libprocessgroup: Successfully killed process cgroup uid 10058 pid 1764 in 45ms
04-21 18:16:36.430  1239  1239 D ImageWallpaper: wallpaper visibility changes to: false
04-21 18:16:36.431  1239  1239 D ImageWallpaper: wallpaper visibility changes to: true
04-21 18:16:36.448   491  1387 D LightsService: Excessive delay setting light
04-21 18:16:36.449   491   533 W system_server: Long monitor contention with owner HwBinder:491_3 (1387) at void com.android.server.BatteryService.update(android.hardware.health.V2_0.HealthInfo)(BatteryService.java:444) waiters=0 in boolean com.android.server.BatteryService$LocalService.isPowered(int) for 107ms
04-21 18:16:36.451   491   491 W Looper  : Slow dispatch took 108ms main h=android.app.ActivityThread$H c=android.app.-$$Lambda$LoadedApk$ReceiverDispatcher$Args$_BumDX2UKsnxLVrE6UJsJZkotuA@6b56531 m=0
04-21 18:16:36.459   491   513 I DropBoxManagerService: add tag=system_app_strictmode isTagEnabled=true flags=0x2
04-21 18:16:36.461  2404  2404 D StrictMode: StrictMode policy violation; ~duration=3 ms: android.os.strictmode.ResourceMismatchViolation: TypedValue{t=0x3/d=0x7 "0.9738f" a=-1}
04-21 18:16:36.461  2404  2404 D StrictMode: 	at android.os.StrictMode$AndroidBlockGuardPolicy.onResourceMismatch(StrictMode.java:1534)
04-21 18:16:36.461  2404  2404 D StrictMode: 	at android.os.StrictMode.noteResourceMismatch(StrictMode.java:2488)
04-21 18:16:36.461  2404  2404 D StrictMode: 	at android.content.res.TypedArray.getFloat(TypedArray.java:474)
04-21 18:16:36.461  2404  2404 D StrictMode: 	at android.animation.AnimatorInflater.loadKeyframe(AnimatorInflater.java:983)
04-21 18:16:36.461  2404  2404 D StrictMode: 	at android.animation.AnimatorInflater.loadPvh(AnimatorInflater.java:845)
04-21 18:16:36.461  2404  2404 D StrictMode: 	at android.animation.AnimatorInflater.loadValues(AnimatorInflater.java:742)
04-21 18:16:36.461  2404  2404 D StrictMode: 	at android.animation.AnimatorInflater.createAnimatorFromXml(AnimatorInflater.java:684)
04-21 18:16:36.461  2404  2404 D StrictMode: 	at android.animation.AnimatorInflater.createAnimatorFromXml(AnimatorInflater.java:642)
04-21 18:16:36.461  2404  2404 D StrictMode: 	at android.animation.AnimatorInflater.loadAnimator(AnimatorInflater.java:126)
04-21 18:16:36.461  2404  2404 D StrictMode: 	at android.animation.AnimatorInflater.loadAnimator(AnimatorInflater.java:106)
04-21 18:16:36.461  2404  2404 D StrictMode: 	at android.animation.AnimatorInflater.loadAnimator(AnimatorInflater.java:91)
04-21 18:16:36.461  2404  2404 D StrictMode: 	at com.android.launcher3.allapps.DiscoveryBounce.<init>(DiscoveryBounce.java:74)
04-21 18:16:36.461  2404  2404 D StrictMode: 	at com.android.launcher3.allapps.DiscoveryBounce.showForHomeIfNeeded(DiscoveryBounce.java:162)
04-21 18:16:36.461  2404  2404 D StrictMode: 	at com.android.launcher3.allapps.DiscoveryBounce.lambda$showForHomeIfNeeded$0(DiscoveryBounce.java:157)
04-21 18:16:36.461  2404  2404 D StrictMode: 	at com.android.launcher3.allapps.-$$Lambda$DiscoveryBounce$UWP5iGtDzA1k_-2kVLNOLEwtkow.run(Unknown Source:2)
04-21 18:16:36.461  2404  2404 D StrictMode: 	at android.os.Handler.handleCallback(Handler.java:883)
04-21 18:16:36.461  2404  2404 D StrictMode: 	at android.os.Handler.dispatchMessage(Handler.java:100)
04-21 18:16:36.461  2404  2404 D StrictMode: 	at android.os.Looper.loop(Looper.java:214)
04-21 18:16:36.461  2404  2404 D StrictMode: 	at android.app.ActivityThread.main(ActivityThread.java:7356)
04-21 18:16:36.461  2404  2404 D StrictMode: 	at java.lang.reflect.Method.invoke(Native Method)
04-21 18:16:36.461  2404  2404 D StrictMode: 	at com.android.internal.os.RuntimeInit$MethodAndArgsCaller.run(RuntimeInit.java:491)
04-21 18:16:36.461  2404  2404 D StrictMode: 	at com.android.internal.os.ZygoteInit.main(ZygoteInit.java:940)
04-21 18:16:36.465  2404  2404 D StrictMode: StrictMode policy violation; ~duration=2 ms: android.os.strictmode.ResourceMismatchViolation: TypedValue{t=0x3/d=0x8 "1f" a=-1}
04-21 18:16:36.465  2404  2404 D StrictMode: 	at android.os.StrictMode$AndroidBlockGuardPolicy.onResourceMismatch(StrictMode.java:1534)
04-21 18:16:36.465  2404  2404 D StrictMode: 	at android.os.StrictMode.noteResourceMismatch(StrictMode.java:2488)
04-21 18:16:36.465  2404  2404 D StrictMode: 	at android.content.res.TypedArray.getFloat(TypedArray.java:474)
04-21 18:16:36.465  2404  2404 D StrictMode: 	at android.animation.AnimatorInflater.loadKeyframe(AnimatorInflater.java:983)
04-21 18:16:36.465  2404  2404 D StrictMode: 	at android.animation.AnimatorInflater.loadPvh(AnimatorInflater.java:845)
04-21 18:16:36.465  2404  2404 D StrictMode: 	at android.animation.AnimatorInflater.loadValues(AnimatorInflater.java:742)
04-21 18:16:36.465  2404  2404 D StrictMode: 	at android.animation.AnimatorInflater.createAnimatorFromXml(AnimatorInflater.java:684)
04-21 18:16:36.465  2404  2404 D StrictMode: 	at android.animation.AnimatorInflater.createAnimatorFromXml(AnimatorInflater.java:642)
04-21 18:16:36.465  2404  2404 D StrictMode: 	at android.animation.AnimatorInflater.loadAnimator(AnimatorInflater.java:126)
04-21 18:16:36.465  2404  2404 D StrictMode: 	at android.animation.AnimatorInflater.loadAnimator(AnimatorInflater.java:106)
04-21 18:16:36.465  2404  2404 D StrictMode: 	at android.animation.AnimatorInflater.loadAnimator(AnimatorInflater.java:91)
04-21 18:16:36.465  2404  2404 D StrictMode: 	at com.android.launcher3.allapps.DiscoveryBounce.<init>(DiscoveryBounce.java:74)
04-21 18:16:36.465  2404  2404 D StrictMode: 	at com.android.launcher3.allapps.DiscoveryBounce.showForHomeIfNeeded(DiscoveryBounce.java:162)
04-21 18:16:36.465  2404  2404 D StrictMode: 	at com.android.launcher3.allapps.DiscoveryBounce.lambda$showForHomeIfNeeded$0(DiscoveryBounce.java:157)
04-21 18:16:36.465  2404  2404 D StrictMode: 	at com.android.launcher3.allapps.-$$Lambda$DiscoveryBounce$UWP5iGtDzA1k_-2kVLNOLEwtkow.run(Unknown Source:2)
04-21 18:16:36.465  2404  2404 D StrictMode: 	at android.os.Handler.handleCallback(Handler.java:883)
04-21 18:16:36.465  2404  2404 D StrictMode: 	at android.os.Handler.dispatchMessage(Handler.java:100)
04-21 18:16:36.465  2404  2404 D StrictMode: 	at android.os.Looper.loop(Looper.java:214)
04-21 18:16:36.465  2404  2404 D StrictMode: 	at android.app.ActivityThread.main(ActivityThread.java:7356)
04-21 18:16:36.465  2404  2404 D StrictMode: 	at java.lang.reflect.Method.invoke(Native Method)
04-21 18:16:36.465  2404  2404 D StrictMode: 	at com.android.internal.os.RuntimeInit$MethodAndArgsCaller.run(RuntimeInit.java:491)
04-21 18:16:36.465  2404  2404 D StrictMode: 	at com.android.internal.os.ZygoteInit.main(ZygoteInit.java:940)
04-21 18:16:36.467   491   513 I chatty  : uid=1000(system) android.io identical 3 lines
04-21 18:16:36.468  2404  2404 D StrictMode: StrictMode policy violation; ~duration=2 ms: android.os.strictmode.ResourceMismatchViolation: TypedValue{t=0x3/d=0x8 "1f" a=-1}
04-21 18:16:36.468  2404  2404 D StrictMode: 	at android.os.StrictMode$AndroidBlockGuardPolicy.onResourceMismatch(StrictMode.java:1534)
04-21 18:16:36.468  2404  2404 D StrictMode: 	at android.os.StrictMode.noteResourceMismatch(StrictMode.java:2488)
04-21 18:16:36.468  2404  2404 D StrictMode: 	at android.content.res.TypedArray.getFloat(TypedArray.java:474)
04-21 18:16:36.468  2404  2404 D StrictMode: 	at android.animation.AnimatorInflater.loadKeyframe(AnimatorInflater.java:983)
04-21 18:16:36.468  2404  2404 D StrictMode: 	at android.animation.AnimatorInflater.loadPvh(AnimatorInflater.java:845)
04-21 18:16:36.468  2404  2404 D StrictMode: 	at android.animation.AnimatorInflater.loadValues(AnimatorInflater.java:742)
04-21 18:16:36.468  2404  2404 D StrictMode: 	at android.animation.AnimatorInflater.createAnimatorFromXml(AnimatorInflater.java:684)
04-21 18:16:36.468  2404  2404 D StrictMode: 	at android.animation.AnimatorInflater.createAnimatorFromXml(AnimatorInflater.java:642)
04-21 18:16:36.468  2404  2404 D StrictMode: 	at android.animation.AnimatorInflater.loadAnimator(AnimatorInflater.java:126)
04-21 18:16:36.468  2404  2404 D StrictMode: 	at android.animation.AnimatorInflater.loadAnimator(AnimatorInflater.java:106)
04-21 18:16:36.468  2404  2404 D StrictMode: 	at android.animation.AnimatorInflater.loadAnimator(AnimatorInflater.java:91)
04-21 18:16:36.468  2404  2404 D StrictMode: 	at com.android.launcher3.allapps.DiscoveryBounce.<init>(DiscoveryBounce.java:74)
04-21 18:16:36.468  2404  2404 D StrictMode: 	at com.android.launcher3.allapps.DiscoveryBounce.showForHomeIfNeeded(DiscoveryBounce.java:162)
04-21 18:16:36.468  2404  2404 D StrictMode: 	at com.android.launcher3.allapps.DiscoveryBounce.lambda$showForHomeIfNeeded$0(DiscoveryBounce.java:157)
04-21 18:16:36.468  2404  2404 D StrictMode: 	at com.android.launcher3.allapps.-$$Lambda$DiscoveryBounce$UWP5iGtDzA1k_-2kVLNOLEwtkow.run(Unknown Source:2)
04-21 18:16:36.468  2404  2404 D StrictMode: 	at android.os.Handler.handleCallback(Handler.java:883)
04-21 18:16:36.468  2404  2404 D StrictMode: 	at android.os.Handler.dispatchMessage(Handler.java:100)
04-21 18:16:36.468  2404  2404 D StrictMode: 	at android.os.Looper.loop(Looper.java:214)
04-21 18:16:36.468  2404  2404 D StrictMode: 	at android.app.ActivityThread.main(ActivityThread.java:7356)
04-21 18:16:36.468  2404  2404 D StrictMode: 	at java.lang.reflect.Method.invoke(Native Method)
04-21 18:16:36.468  2404  2404 D StrictMode: 	at com.android.internal.os.RuntimeInit$MethodAndArgsCaller.run(RuntimeInit.java:491)
04-21 18:16:36.468  2404  2404 D StrictMode: 	at com.android.internal.os.ZygoteInit.main(ZygoteInit.java:940)
04-21 18:16:36.470   491   513 I DropBoxManagerService: add tag=system_app_strictmode isTagEnabled=true flags=0x2
04-21 18:16:39.099  1239  1400 I vol.Events: writeEvent level_changed STREAM_MUSIC 6
04-21 18:16:39.107   491   491 V SettingsProvider: Notifying for 0: content://settings/global/audio_safe_volume_state
04-21 18:16:39.298   289   289 W wificond: Failed to get NL80211_ATTR_EXT_FEATURES
04-21 18:16:39.303   289   289 I chatty  : uid=1010(wifi) /system/bin/wificond identical 1 line
04-21 18:16:39.306   289   289 W wificond: Failed to get NL80211_ATTR_EXT_FEATURES
04-21 18:16:39.337   491  1735 E TaskPersister: File error accessing recents directory (directory doesn't exist?).
04-21 18:16:39.337   491  1735 E TaskPersister: File error accessing recents directory (directory doesn't exist?).
04-21 18:16:39.607   491   491 V SettingsProvider: Notifying for 0: content://settings/system/volume_music_usb_headset
04-21 18:16:41.767   491   491 I RoleManagerService: Granting default permissions...
04-21 18:16:41.767  1219  1219 V AvrcpMediaPlayerList: mPackageChangedBroadcastReceiver: action: android.intent.action.PACKAGE_CHANGED
04-21 18:16:41.768  1219  1219 D AvrcpMediaPlayerList: Name of package changed: com.android.camera2
04-21 18:16:41.815   491   618 I InputReader: Reconfiguring input devices.  changes=0x00000010
04-21 18:16:41.830  1473  1473 E PhoneInterfaceManager: [PhoneIntfMgr] getCarrierPackageNamesForIntent: No UICC
04-21 18:16:41.831  1473  1473 D CarrierSvcBindHelper: No carrier app for: 0
04-21 18:16:41.849  1219  1219 V AvrcpMediaPlayerList: mPackageChangedBroadcastReceiver: action: android.intent.action.PACKAGE_CHANGED
04-21 18:16:41.849  1219  1219 D AvrcpMediaPlayerList: Name of package changed: org.lineageos.setupwizard
04-21 18:16:41.860  1261  1471 W ExclusiveDefaultHolderMixin: Cannot get ApplicationInfo for default holder, config: config_defaultSms, package: com.android.messaging
04-21 18:16:41.877   491   618 I InputReader: Reconfiguring input devices.  changes=0x00000010
04-21 18:16:41.890  1473  1473 E PhoneInterfaceManager: [PhoneIntfMgr] getCarrierPackageNamesForIntent: No UICC
04-21 18:16:41.890  1473  1473 D CarrierSvcBindHelper: No carrier app for: 0
04-21 18:16:41.906  1261  1471 W Role    : org.lineageos.setupwizard not qualified for android.app.role.HOME due to missing RequiredComponent{mIntentFilterData=IntentFilterData{mAction='android.intent.action.MAIN', mCategories='[android.intent.category.HOME]', mDataScheme='null', mDataType='null'}, mPermission='null', mMetaData=[]}
04-21 18:16:41.906  1261  1471 I RoleControllerServiceImpl: Removing package that no longer qualifies for the role, package: org.lineageos.setupwizard, role: android.app.role.HOME
04-21 18:16:41.911  1219  1219 V AvrcpMediaPlayerList: mPackageChangedBroadcastReceiver: action: android.intent.action.PACKAGE_CHANGED
04-21 18:16:41.911  1219  1219 D AvrcpMediaPlayerList: Name of package changed: com.android.email
04-21 18:16:41.924   491   491 I Telecom : DefaultDialerCache: Refreshing default dialer for user 0: now null: DDC.oR@ABw
04-21 18:16:41.937   491   618 I InputReader: Reconfiguring input devices.  changes=0x00000010
04-21 18:16:41.994   491   491 I RoleManagerService: Granting default permissions...
04-21 18:16:41.998  1473  1473 E PhoneInterfaceManager: [PhoneIntfMgr] getCarrierPackageNamesForIntent: No UICC
04-21 18:16:41.998  1473  1473 D CarrierSvcBindHelper: No carrier app for: 0
04-21 18:16:42.012   491   519 W Searchables: No global search activity found
04-21 18:16:42.039  1261  1471 I RoleControllerServiceImpl: Adding package as default/fallback role holder, package: com.android.launcher3, role: android.app.role.HOME
04-21 18:16:42.041   491   491 W Looper  : Slow delivery took 202ms main h=android.app.ActivityThread$H c=android.app.-$$Lambda$LoadedApk$ReceiverDispatcher$Args$_BumDX2UKsnxLVrE6UJsJZkotuA@d5ebd4e m=0
04-21 18:16:42.041   491   519 W VoiceInteractionManagerService: no available voice interaction services found for user 0
04-21 18:16:42.044   491   491 I Telecom : DefaultDialerCache: Refreshing default dialer for user 0: now null: DDC.oR@AB0
04-21 18:16:42.109   491   491 I RoleManagerService: Granting default permissions...
04-21 18:16:42.133   491   491 I Telecom : DefaultDialerCache: Refreshing default dialer for user 0: now null: DDC.oR@AB4
04-21 18:16:42.133   491   504 I system_server: Background young concurrent copying GC freed 11748(1464KB) AllocSpace objects, 25(1220KB) LOS objects, 0% free, 10MB/10MB, paused 1.216ms total 406.803ms
04-21 18:16:42.156   491   491 I Telecom : PhoneAccountRegistrar: getSimCallManager: SimCallManager for subId -1 queried, returning: null: TSI.gSCMFU@AB8
04-21 18:16:42.160   491   519 W Searchables: No global search activity found
04-21 18:16:42.177  1261  1471 W ExclusiveDefaultHolderMixin: Cannot get ApplicationInfo for default holder, config: config_defaultSms, package: com.android.messaging
04-21 18:16:42.183   491   491 I Telecom : PhoneAccountRegistrar: getSimCallManager: SimCallManager for subId -1 queried, returning: null: TSI.gSCMFU@ACA
04-21 18:16:42.198   491   519 W VoiceInteractionManagerService: no available voice interaction services found for user 0
04-21 18:16:42.220  1261  1471 W ExclusiveDefaultHolderMixin: Cannot get ApplicationInfo for default holder, config: config_defaultSms, package: com.android.messaging
04-21 18:16:42.237   491   519 W Searchables: No global search activity found
04-21 18:16:42.240   491   519 W VoiceInteractionManagerService: no available voice interaction services found for user 0
04-21 18:16:42.248   491   519 I RoleUserState: Wrote roles.xml successfully
04-21 18:16:42.358   491   504 I system_server: Background concurrent copying GC freed 18179(1486KB) AllocSpace objects, 22(2340KB) LOS objects, 24% free, 7826KB/10MB, paused 308us total 219.032ms
04-21 18:16:42.388   491  1333 D WificondControl: Scan result ready event
04-21 18:16:42.412  1289  1289 I wpa_supplicant: wlan0: GAS-QUERY-START addr=f0:87:56:05:c1:9d dialog_token=1 freq=2427
04-21 18:16:42.413   491  1174 D HS20    : ANQP initiated on f0:87:56:05:c1:9d
04-21 18:16:42.414   491  1174 D PasspointManager: ANQP entry not found for: f0:87:56:05:c1:9d:<DIGIFIBRA-81F9>
04-21 18:16:42.537  2404  2435 D         : cannot connect to power hinting service
04-21 18:16:43.110  1289  1289 I wpa_supplicant: wlan0: GAS-QUERY-DONE addr=f0:87:56:05:c1:9d dialog_token=1 freq=2427 status_code=0 result=TIMEOUT
04-21 18:16:43.110  1289  1289 I wpa_supplicant: wlan0: ANQP-QUERY-DONE addr=f0:87:56:05:c1:9d result=FAILURE
04-21 18:16:43.716   491   491 W Looper  : Drained
04-21 18:16:46.007   288   288 I storaged: type=1400 audit(0.0:344): avc: denied { call } for scontext=u:r:storaged:s0 tcontext=u:r:init:s0 tclass=binder permissive=1
04-21 18:16:47.296   491   520 I ActivityManager: Waited long enough for: ServiceRecord{8dd691d u0 com.android.email/.service.LegacyImapSyncAdapterService}
04-21 18:16:47.297   491   520 I BroadcastQueue: Resuming delayed broadcast
04-21 18:16:47.324   220   220 D Zygote  : Forked child process 2456
04-21 18:16:47.331   491   521 I ActivityManager: Start proc 2456:com.android.gallery3d/u0a95 for broadcast {com.android.gallery3d/com.android.camera.DisableCameraReceiver}
04-21 18:16:47.335  2456  2456 I Zygote  : seccomp disabled by setenforce 0
04-21 18:16:47.385   491  2313 I ActivityManager: Killing 1939:com.android.mtp/u0a51 (adj 985): empty #17
04-21 18:16:47.386   241   241 E lowmemorykiller: Error writing /proc/1939/oom_score_adj; errno=22
04-21 18:16:47.386   491  2313 I ActivityManager: Killing 1883:com.android.externalstorage/u0a65 (adj 985): empty #18
04-21 18:16:47.439   220   220 I Zygote  : Process 1939 exited due to signal 9 (Killed)
04-21 18:16:47.441   220   220 I Zygote  : Process 1883 exited due to signal 9 (Killed)
04-21 18:16:47.453  2456  2456 D ApplicationLoaders: Returning zygote-cached class loader: /system/framework/android.hidl.base-V1.0-java.jar
04-21 18:16:47.453  2456  2456 D ApplicationLoaders: Returning zygote-cached class loader: /system/framework/android.hidl.manager-V1.0-java.jar
04-21 18:16:47.453  2456  2456 D ApplicationLoaders: Returning zygote-cached class loader: /system/framework/android.hidl.base-V1.0-java.jar
04-21 18:16:47.478   491   522 I libprocessgroup: Successfully killed process cgroup uid 10051 pid 1939 in 91ms
04-21 18:16:47.485   491   522 I libprocessgroup: Successfully killed process cgroup uid 10065 pid 1883 in 0ms
04-21 18:16:47.617  2456  2456 I G:DisableCameraReceiver: no back camera
04-21 18:16:47.617  2456  2456 I G:DisableCameraReceiver: disable all camera activities
04-21 18:16:47.618   491  1871 D PackageManager: Instant App installer not found with android.intent.action.INSTALL_INSTANT_APP_PACKAGE_TEST
04-21 18:16:47.618   491  1871 D PackageManager: Instant App installer not found with android.intent.action.INSTALL_INSTANT_APP_PACKAGE
04-21 18:16:47.618   491  1871 D PackageManager: Clear ephemeral installer activity
04-21 18:16:47.619   491  1760 D PackageManager: Instant App installer not found with android.intent.action.INSTALL_INSTANT_APP_PACKAGE_TEST
04-21 18:16:47.619   491  1760 D PackageManager: Instant App installer not found with android.intent.action.INSTALL_INSTANT_APP_PACKAGE
04-21 18:16:47.620   491  1760 D PackageManager: Clear ephemeral installer activity
04-21 18:16:47.674   491   509 I ActivityManager: Killing 2072:com.android.shell/2000 (adj 985): empty #17
04-21 18:16:47.707   220   220 D Zygote  : Forked child process 2478
04-21 18:16:47.714   491   521 I ActivityManager: Start proc 2478:com.android.onetimeinitializer/u0a92 for broadcast {com.android.onetimeinitializer/com.android.onetimeinitializer.OneTimeInitializerReceiver}
04-21 18:16:47.716   491   521 W ActivityManager: Slow operation: 51ms so far, now at startProcess: done updating pids map
04-21 18:16:47.717  2478  2478 I Zygote  : seccomp disabled by setenforce 0
04-21 18:16:47.749   220   220 I Zygote  : Process 2072 exited due to signal 9 (Killed)
04-21 18:16:47.783   491   522 I libprocessgroup: Successfully killed process cgroup uid 2000 pid 2072 in 91ms
04-21 18:16:47.860  2478  2478 V OneTimeInitializerReceiver: OneTimeInitializerReceiver.onReceive
04-21 18:16:47.868  2478  2499 I OneTimeInitializer: Updating to version 1.
04-21 18:16:47.870  2478  2499 E ActivityThread: Failed to find provider info for com.android.launcher2.settings
04-21 18:16:47.882   491  1787 I ActivityManager: Killing 2095:com.android.localtransport/1000 (adj 985): empty #17
04-21 18:16:47.907   220   220 D Zygote  : Forked child process 2501
04-21 18:16:47.910   491   521 I ActivityManager: Start proc 2501:com.android.packageinstaller/u0a53 for broadcast {com.android.packageinstaller/com.android.packageinstaller.TemporaryFileManager}
04-21 18:16:47.911  2501  2501 I Zygote  : seccomp disabled by setenforce 0
04-21 18:16:47.910  2501  2501 I main    : type=1400 audit(0.0:345): avc: denied { write } for name="tasks" dev="tmpfs" ino=11729 scontext=u:r:zygote:s0 tcontext=u:object_r:device:s0 tclass=file permissive=1 app=com.android.packageinstaller
04-21 18:16:47.918   220   220 I Zygote  : Process 2095 exited due to signal 9 (Killed)
04-21 18:16:47.910  2501  2501 I main    : type=1400 audit(0.0:346): avc: denied { open } for path="/dev/stune/foreground/tasks" dev="tmpfs" ino=11729 scontext=u:r:zygote:s0 tcontext=u:object_r:device:s0 tclass=file permissive=1 app=com.android.packageinstaller
04-21 18:16:47.935   491   522 I libprocessgroup: Successfully killed process cgroup uid 1000 pid 2095 in 51ms
04-21 18:16:47.981   491  1868 I ActivityManager: Killing 2116:com.stevesoltys.seedvault/u0a64 (adj 985): empty #17
04-21 18:16:47.982   241   241 E lowmemorykiller: Error writing /proc/2116/oom_score_adj; errno=22
04-21 18:16:47.996  1473  1473 I VvmSimStateTracker: android.intent.action.BOOT_COMPLETED
04-21 18:16:48.005   220   220 I Zygote  : Process 2116 exited due to signal 9 (Killed)
04-21 18:16:48.028   491   522 I libprocessgroup: Successfully killed process cgroup uid 10064 pid 2116 in 44ms
04-21 18:16:48.046   220   220 D Zygote  : Forked child process 2522
04-21 18:16:48.050   491   521 I ActivityManager: Start proc 2522:com.android.traceur/u0a79 for broadcast {com.android.traceur/com.android.traceur.Receiver}
04-21 18:16:48.050  2522  2522 I Zygote  : seccomp disabled by setenforce 0
04-21 18:16:48.126   491   509 D PackageManager: Instant App installer not found with android.intent.action.INSTALL_INSTANT_APP_PACKAGE_TEST
04-21 18:16:48.127   491   509 D PackageManager: Instant App installer not found with android.intent.action.INSTALL_INSTANT_APP_PACKAGE
04-21 18:16:48.127   491   509 D PackageManager: Clear ephemeral installer activity
04-21 18:16:48.129   491  1333 D PackageManager: Instant App installer not found with android.intent.action.INSTALL_INSTANT_APP_PACKAGE_TEST
04-21 18:16:48.130   491  1333 D PackageManager: Instant App installer not found with android.intent.action.INSTALL_INSTANT_APP_PACKAGE
04-21 18:16:48.130   491  1333 D PackageManager: Clear ephemeral installer activity
04-21 18:16:48.135  2522  2522 V Traceur : exec: null [sh, -c, perfetto --is_detached=traceur]
04-21 18:16:48.136   491   491 V SettingsProvider: Notifying for 0: content://settings/secure/sysui_qs_tiles
04-21 18:16:48.424   265   265 E perfetto: tracing_service_impl.cc:294 Failed to attach consumer, session 'traceur' not found for uid 10079
04-21 18:16:48.437   491  1334 I ActivityManager: Killing 2015:com.android.printspooler/u0a78 (adj 985): empty #17
04-21 18:16:48.438   241   241 E lowmemorykiller: Error writing /proc/2015/oom_score_adj; errno=22
04-21 18:16:48.438   491   491 I android.bg: type=1400 audit(0.0:347): avc: denied { call } for scontext=u:r:system_server:s0 tcontext=u:r:init:s0 tclass=binder permissive=1
04-21 18:16:48.440  1572  1607 I LauncherIconVisibilityInitializerBase: LauncherIconVisibilityInitializerBase$1.run():51 doUpdate() : Visible = false
04-21 18:16:48.456   491  1871 I BroadcastQueue: Delay finish: org.lineageos.lineageparts/.lineagestats.ReportingServiceManager
04-21 18:16:48.460   220   220 I Zygote  : Process 2015 exited due to signal 9 (Killed)
04-21 18:16:48.473  2282  2548 D ReportingServiceManager: Next sync attempt in : 23 hours
04-21 18:16:48.473   491  1446 I BroadcastQueue: Resuming delayed broadcast
04-21 18:16:48.483   491   522 I libprocessgroup: Successfully killed process cgroup uid 10078 pid 2015 in 44ms
04-21 18:16:48.486   220   220 D Zygote  : Forked child process 2549
04-21 18:16:48.489   491   521 I ActivityManager: Start proc 2549:org.lineageos.profiles/u0a71 for broadcast {org.lineageos.profiles/org.lineageos.profiles.StartUpReceiver}
04-21 18:16:48.491  2549  2549 I Zygote  : seccomp disabled by setenforce 0
04-21 18:16:48.536   491  1868 D PackageManager: Instant App installer not found with android.intent.action.INSTALL_INSTANT_APP_PACKAGE_TEST
04-21 18:16:48.536   491  1868 D PackageManager: Instant App installer not found with android.intent.action.INSTALL_INSTANT_APP_PACKAGE
04-21 18:16:48.536   491  1868 D PackageManager: Clear ephemeral installer activity
04-21 18:16:48.538   491  1447 I ActivityManager: Killing 2249:org.lineageos.etar/u0a109 (adj 985): empty #17
04-21 18:16:48.551   220   220 D Zygote  : Forked child process 2569
04-21 18:16:48.554  2569  2569 I Zygote  : seccomp disabled by setenforce 0
04-21 18:16:48.554   491   521 I ActivityManager: Start proc 2569:org.lineageos.updater/u0a59 for broadcast {org.lineageos.updater/org.lineageos.updater.UpdaterReceiver}
04-21 18:16:48.564   220   220 I Zygote  : Process 2249 exited due to signal 9 (Killed)
04-21 18:16:48.585   491   522 I libprocessgroup: Successfully killed process cgroup uid 10109 pid 2249 in 45ms
04-21 18:16:48.617  2569  2569 D Utils   : Cleaning /data/lineageos_updates
04-21 18:16:48.635  2569  2569 D UpdatesCheckReceiver: Setting automatic updates check: Tue Apr 28 18:16:48 GMT-11:00 2026
04-21 18:16:48.637  2569  2569 D UpdatesCheckReceiver: Network not available, scheduling new check
04-21 18:16:48.640  1219  1219 V AvrcpMediaPlayerList: mPackageChangedBroadcastReceiver: action: android.intent.action.PACKAGE_CHANGED
04-21 18:16:48.640  1219  1219 D AvrcpMediaPlayerList: Name of package changed: org.lineageos.profiles
04-21 18:16:48.645   491   491 I RoleManagerService: Granting default permissions...
04-21 18:16:48.651  1219  1219 V AvrcpMediaPlayerList: mPackageChangedBroadcastReceiver: action: android.intent.action.PACKAGE_CHANGED
04-21 18:16:48.651  1219  1219 D AvrcpMediaPlayerList: Name of package changed: com.android.gallery3d
04-21 18:16:48.653  2569  2569 D UpdatesCheckReceiver: Setting one-shot updates check: Tue Apr 21 20:16:48 GMT-11:00 2026
04-21 18:16:48.657  1473  1473 E PhoneInterfaceManager: [PhoneIntfMgr] getCarrierPackageNamesForIntent: No UICC
04-21 18:16:48.657  1473  1473 D CarrierSvcBindHelper: No carrier app for: 0
04-21 18:16:48.658  1219  1219 V AvrcpMediaPlayerList: mPackageChangedBroadcastReceiver: action: android.intent.action.PACKAGE_CHANGED
04-21 18:16:48.659  1219  1219 D AvrcpMediaPlayerList: Name of package changed: com.android.traceur
04-21 18:16:48.661   491  1301 I ActivityManager: Finished processing BOOT_COMPLETED for u0
04-21 18:16:48.661  1261  1471 W ExclusiveDefaultHolderMixin: Cannot get ApplicationInfo for default holder, config: config_defaultSms, package: com.android.messaging
04-21 18:16:48.663  1702  1702 I DigitalWidgetProvider: onReceive: Intent { act=android.appwidget.action.APPWIDGET_ENABLED flg=0x10 cmp=com.android.deskclock/com.android.alarmclock.DigitalAppWidgetProvider }
04-21 18:16:48.665  1473  1473 E PhoneInterfaceManager: [PhoneIntfMgr] getCarrierPackageNamesForIntent: No UICC
04-21 18:16:48.665  1473  1473 D CarrierSvcBindHelper: No carrier app for: 0
04-21 18:16:48.670  1473  1473 E PhoneInterfaceManager: [PhoneIntfMgr] getCarrierPackageNamesForIntent: No UICC
04-21 18:16:48.670  1473  1473 D CarrierSvcBindHelper: No carrier app for: 0
04-21 18:16:48.700   491   618 I InputReader: Reconfiguring input devices.  changes=0x00000010
04-21 18:16:48.708   491   491 I Telecom : DefaultDialerCache: Refreshing default dialer for user 0: now null: DDC.oR@ACE
04-21 18:16:48.704   491   618 I chatty  : uid=1000(system) InputReader identical 1 line
04-21 18:16:48.706   491   618 I InputReader: Reconfiguring input devices.  changes=0x00000010
04-21 18:16:48.726   491   519 W Searchables: No global search activity found
04-21 18:16:48.728   491   519 W VoiceInteractionManagerService: no available voice interaction services found for user 0
04-21 18:16:48.747   491   491 I Telecom : DefaultDialerCache: Refreshing default dialer for user 0: now null: DDC.oR@ACI
04-21 18:16:48.754   491   519 W VoiceInteractionManagerService: no available voice interaction services found for user 0
04-21 18:16:48.760   491   491 I Telecom : DefaultDialerCache: Refreshing default dialer for user 0: now null: DDC.oR@ACM
04-21 18:16:48.767   491   519 W VoiceInteractionManagerService: no available voice interaction services found for user 0
04-21 18:16:48.747   491   519 I chatty  : uid=1000(system) android.bg identical 1 line
04-21 18:16:48.766   491   519 W Searchables: No global search activity found
04-21 18:16:48.811   243   243 I hwc_eventmon: type=1400 audit(0.0:348): avc: denied { ioctl } for path="/dev/nvhost-ctrl" dev="tmpfs" ino=7245 ioctlcmd=4801 scontext=u:r:surfaceflinger:s0 tcontext=u:object_r:device:s0 tclass=chr_file permissive=1
04-21 18:16:48.817  1702  1702 D Events  : [Digital Widget] [Create]
04-21 18:16:48.837   243   243 I hwc_eventmon: type=1400 audit(0.0:349): avc: denied { ioctl } for path="/dev/nvhost-ctrl" dev="tmpfs" ino=7245 ioctlcmd=4801 scontext=u:r:surfaceflinger:s0 tcontext=u:object_r:device:s0 tclass=chr_file permissive=1
04-21 18:16:48.849  1702  1702 I DigitalWidgetProvider: onReceive: Intent { act=android.appwidget.action.APPWIDGET_UPDATE flg=0x10 cmp=com.android.deskclock/com.android.alarmclock.DigitalAppWidgetProvider (has extras) }
04-21 18:16:48.851  2404  2435 D         : cannot connect to power hinting service
04-21 18:16:48.847  2404  2404 I RenderThread: type=1400 audit(0.0:350): avc: denied { ioctl } for path="/dev/nvmap" dev="tmpfs" ino=11234 ioctlcmd=4e08 scontext=u:r:priv_app:s0:c512,c768 tcontext=u:object_r:device:s0 tclass=chr_file permissive=1 app=com.android.launcher3
04-21 18:16:48.849  2404  2404 I RenderThread: type=1400 audit(0.0:351): avc: denied { write } for name="phsd" dev="tmpfs" ino=7107 scontext=u:r:priv_app:s0:c512,c768 tcontext=u:object_r:socket_device:s0 tclass=sock_file permissive=1 app=com.android.launcher3
04-21 18:16:48.907  1702  1702 V DigitalWidgetProvider: 
04-21 18:16:48.907  1702  1702 V DigitalWidgetProvider: Target dimensions: 1181px x 570px
04-21 18:16:48.907  1702  1702 V DigitalWidgetProvider: Last valid widget container measurement: 666px x 373px
04-21 18:16:48.907  1702  1702 V DigitalWidgetProvider: Last text clock measurement: 666px x 330px
04-21 18:16:48.907  1702  1702 V DigitalWidgetProvider: Clock font: 281px
04-21 18:16:48.911   491   504 I system_server: Background concurrent copying GC freed 12133(1264KB) AllocSpace objects, 20(2148KB) LOS objects, 24% free, 7868KB/10MB, paused 251us total 170.334ms
04-21 18:16:48.916  1702  1702 V DigitalWidgetProvider: 
04-21 18:16:48.916  1702  1702 V DigitalWidgetProvider: Target dimensions: 1711px x 433px
04-21 18:16:48.916  1702  1702 V DigitalWidgetProvider: Last valid widget container measurement: 666px x 373px
04-21 18:16:48.916  1702  1702 V DigitalWidgetProvider: Last text clock measurement: 666px x 330px
04-21 18:16:48.916  1702  1702 V DigitalWidgetProvider: Clock font: 281px
04-21 18:16:48.929   491   519 I RoleUserState: Wrote roles.xml successfully
04-21 18:16:48.940   491  1871 I ActivityManager: Killing 2315:com.android.camera2/u0a93 (adj 985): empty #17
04-21 18:16:48.954   220   220 D Zygote  : Forked child process 2592
04-21 18:16:48.956   491   521 I ActivityManager: Start proc 2592:org.lineageos.eleven/u0a90 for broadcast {org.lineageos.eleven/org.lineageos.eleven.appwidgets.AppWidgetLarge}
04-21 18:16:48.964  2592  2592 I Zygote  : seccomp disabled by setenforce 0
04-21 18:16:48.967  1702  1702 I DigWidgetViewsFactory: DigitalAppWidgetCityViewsFactory onCreate 2
04-21 18:16:48.963  2592  2592 I main    : type=1400 audit(0.0:352): avc: denied { write } for name="tasks" dev="tmpfs" ino=11729 scontext=u:r:zygote:s0 tcontext=u:object_r:device:s0 tclass=file permissive=1 app=org.lineageos.eleven
04-21 18:16:48.986   220   220 I Zygote  : Process 2315 exited due to signal 9 (Killed)
04-21 18:16:49.031   491   522 I libprocessgroup: Successfully killed process cgroup uid 10093 pid 2315 in 90ms
04-21 18:16:49.045  1702  1702 I DigitalWidgetProvider: onReceive: Intent { act=android.appwidget.action.APPWIDGET_UPDATE_OPTIONS flg=0x10 cmp=com.android.deskclock/com.android.alarmclock.DigitalAppWidgetProvider (has extras) }
04-21 18:16:49.051  1702  1702 V DigitalWidgetProvider: 
04-21 18:16:49.051  1702  1702 V DigitalWidgetProvider: Target dimensions: 1181px x 570px
04-21 18:16:49.051  1702  1702 V DigitalWidgetProvider: Last valid widget container measurement: 666px x 373px
04-21 18:16:49.051  1702  1702 V DigitalWidgetProvider: Last text clock measurement: 666px x 330px
04-21 18:16:49.051  1702  1702 V DigitalWidgetProvider: Clock font: 281px
04-21 18:16:49.057  1702  1702 V DigitalWidgetProvider: 
04-21 18:16:49.057  1702  1702 V DigitalWidgetProvider: Target dimensions: 1711px x 433px
04-21 18:16:49.057  1702  1702 V DigitalWidgetProvider: Last valid widget container measurement: 666px x 373px
04-21 18:16:49.057  1702  1702 V DigitalWidgetProvider: Last text clock measurement: 666px x 330px
04-21 18:16:49.057  1702  1702 V DigitalWidgetProvider: Clock font: 281px
04-21 18:16:49.076   491  1170 W BestClock: java.time.DateTimeException: Missing NTP fix
04-21 18:16:49.080   219  1423 W IptablesRestoreController: iptables-restore process 2310 terminated status=256
04-21 18:16:49.080   219  1423 E IptablesRestoreController: iptables error:
04-21 18:16:49.080   219  1423 E IptablesRestoreController: ------- COMMAND -------
04-21 18:16:49.080   219  1423 E IptablesRestoreController: *filter
04-21 18:16:49.080   219  1423 E IptablesRestoreController: -nvx -L tetherctrl_counters
04-21 18:16:49.080   219  1423 E IptablesRestoreController: COMMIT
04-21 18:16:49.080   219  1423 E IptablesRestoreController: 
04-21 18:16:49.080   219  1423 E IptablesRestoreController: -------  ERROR -------
04-21 18:16:49.080   219  1423 E IptablesRestoreController: iptables-restore: line 6 failed
04-21 18:16:49.080   219  1423 E IptablesRestoreController: ----------------------
04-21 18:16:49.080   219  1423 I netd    : tetherGetStats() -> ServiceSpecificException(1, "[Operation not permitted] : failed to fetch tether stats (0): -1") <2.40ms>
04-21 18:16:49.081   491  1170 E NetworkStats: problem reading network stats
04-21 18:16:49.081   491  1170 E NetworkStats: java.lang.IllegalStateException: problem parsing tethering stats: 
04-21 18:16:49.081   491  1170 E NetworkStats: 	at com.android.server.NetworkManagementService$NetdTetheringStatsProvider.getTetherStats(NetworkManagementService.java:1780)
04-21 18:16:49.081   491  1170 E NetworkStats: 	at com.android.server.NetworkManagementService.getNetworkStatsTethering(NetworkManagementService.java:1820)
04-21 18:16:49.081   491  1170 E NetworkStats: 	at com.android.server.net.NetworkStatsService.getNetworkStatsTethering(NetworkStatsService.java:1717)
04-21 18:16:49.081   491  1170 E NetworkStats: 	at com.android.server.net.NetworkStatsService.getNetworkStatsUidDetail(NetworkStatsService.java:1670)
04-21 18:16:49.081   491  1170 E NetworkStats: 	at com.android.server.net.NetworkStatsService.recordSnapshotLocked(NetworkStatsService.java:1256)
04-21 18:16:49.081   491  1170 E NetworkStats: 	at com.android.server.net.NetworkStatsService.performPollLocked(NetworkStatsService.java:1343)
04-21 18:16:49.081   491  1170 E NetworkStats: 	at com.android.server.net.NetworkStatsService.performPoll(NetworkStatsService.java:1318)
04-21 18:16:49.081   491  1170 E NetworkStats: 	at com.android.server.net.NetworkStatsService.access$800(NetworkStatsService.java:156)
04-21 18:16:49.081   491  1170 E NetworkStats: 	at com.android.server.net.NetworkStatsService$3.onReceive(NetworkStatsService.java:1056)
04-21 18:16:49.081   491  1170 E NetworkStats: 	at android.app.LoadedApk$ReceiverDispatcher$Args.lambda$getRunnable$0$LoadedApk$ReceiverDispatcher$Args(LoadedApk.java:1555)
04-21 18:16:49.081   491  1170 E NetworkStats: 	at android.app.-$$Lambda$LoadedApk$ReceiverDispatcher$Args$_BumDX2UKsnxLVrE6UJsJZkotuA.run(Unknown Source:2)
04-21 18:16:49.081   491  1170 E NetworkStats: 	at android.os.Handler.handleCallback(Handler.java:883)
04-21 18:16:49.081   491  1170 E NetworkStats: 	at android.os.Handler.dispatchMessage(Handler.java:100)
04-21 18:16:49.081   491  1170 E NetworkStats: 	at android.os.Looper.loop(Looper.java:214)
04-21 18:16:49.081   491  1170 E NetworkStats: 	at android.os.HandlerThread.run(HandlerThread.java:67)
04-21 18:16:49.081   491  1170 E NetworkStats: Caused by: android.os.ServiceSpecificException: [Operation not permitted] : failed to fetch tether stats (0): -1 (code 1)
04-21 18:16:49.081   491  1170 E NetworkStats: 	at android.os.Parcel.createException(Parcel.java:2086)
04-21 18:16:49.081   491  1170 E NetworkStats: 	at android.os.Parcel.readException(Parcel.java:2040)
04-21 18:16:49.081   491  1170 E NetworkStats: 	at android.os.Parcel.readException(Parcel.java:1988)
04-21 18:16:49.081   491  1170 E NetworkStats: 	at android.net.INetd$Stub$Proxy.tetherGetStats(INetd.java:1827)
04-21 18:16:49.081   491  1170 E NetworkStats: 	at com.android.server.NetworkManagementService$NetdTetheringStatsProvider.getTetherStats(NetworkManagementService.java:1778)
04-21 18:16:49.081   491  1170 E NetworkStats: 	... 14 more
04-21 18:16:49.083   491  1170 I DropBoxManagerService: add tag=system_server_wtf isTagEnabled=true flags=0x2
04-21 18:16:49.089   491  1170 W BestClock: java.time.DateTimeException: Missing NTP fix
04-21 18:16:49.090   491  1171 W BestClock: java.time.DateTimeException: Missing NTP fix
04-21 18:16:49.090   219  1425 I netd    : bandwidthSetGlobalAlert(2097152) <0.34ms>
04-21 18:16:49.091   491  1170 W BroadcastQueue: Background execution not allowed: receiving Intent { act=com.android.deskclock.WORLD_CITIES_CHANGED flg=0x10 } to com.android.deskclock/com.android.alarmclock.DigitalAppWidgetProvider
04-21 18:16:53.014   491   520 I ActivityManager: Killing 2338:com.android.contacts/u0a97 (adj 985): empty #17
04-21 18:16:53.017   491   520 I ActivityManager: Killing 1833:android.process.acore/u0a61 (adj 985): empty #18
04-21 18:16:53.026   491   491 I android.bg: type=1400 audit(0.0:354): avc: denied { call } for scontext=u:r:system_server:s0 tcontext=u:r:init:s0 tclass=binder permissive=1
04-21 18:16:53.074   220   220 I Zygote  : Process 2338 exited due to signal 9 (Killed)
04-21 18:16:53.089   491   509 D CountryDetector: No listener is left
04-21 18:16:53.090   220   220 I Zygote  : Process 1833 exited due to signal 9 (Killed)
04-21 18:16:53.099  2522  2541 I android.traceu: Waiting for a blocking GC ProfileSaver
04-21 18:16:53.107  2522  2541 I android.traceu: WaitForGcToComplete blocked ProfileSaver on ClassLinker for 7.462ms
04-21 18:16:53.108   491   522 I libprocessgroup: Successfully killed process cgroup uid 10097 pid 2338 in 92ms
04-21 18:16:53.120   491   522 I libprocessgroup: Successfully killed process cgroup uid 10061 pid 1833 in 0ms
04-21 18:16:53.596  2569  2584 W System  : A resource failed to call close. 
04-21 18:16:54.116   491  1334 I ActivityManager: Killing 2364:com.android.dynsystem/1000 (adj 985): empty #17
04-21 18:16:54.118   241   241 E lowmemorykiller: Error writing /proc/2364/oom_score_adj; errno=22
04-21 18:16:54.148   220   220 I Zygote  : Process 2364 exited due to signal 9 (Killed)
04-21 18:16:54.167   491   522 I libprocessgroup: Successfully killed process cgroup uid 1000 pid 2364 in 46ms
04-21 18:16:56.767  1239  1239 D InputEventConsistencyVerifier: TouchEvent: ACTION_DOWN but pointers are already down.  Probably missing ACTION_UP from previous gesture.
04-21 18:16:56.767  1239  1239 D InputEventConsistencyVerifier:   in android.view.ScaleGestureDetector@40f225e
04-21 18:16:56.767  1239  1239 D InputEventConsistencyVerifier:   0: sent at 90054132000, MotionEvent { action=ACTION_DOWN, actionButton=0, id[0]=0, x[0]=547.75, y[0]=1057.3334, toolType[0]=TOOL_TYPE_FINGER, buttonState=0, classification=NONE, metaState=0, flags=0x0, edgeFlags=0x0, pointerCount=1, historySize=0, eventTime=90054, downTime=90054, deviceId=2, source=0x1002, displayId=0 }
04-21 18:16:56.767  1239  1239 D InputEventConsistencyVerifier:   -- recent events --
04-21 18:16:56.767  1239  1239 D InputEventConsistencyVerifier:   1: sent at 90054132000, MotionEvent { action=ACTION_DOWN, actionButton=0, id[0]=0, x[0]=547.75, y[0]=1057.3334, toolType[0]=TOOL_TYPE_FINGER, buttonState=0, classification=NONE, metaState=0, flags=0x0, edgeFlags=0x0, pointerCount=1, historySize=0, eventTime=90054, downTime=90054, deviceId=2, source=0x1002, displayId=0 }
04-21 18:16:56.897  1239  1239 I RenderThread: type=1400 audit(0.0:355): avc: denied { ioctl } for path="/dev/nvmap" dev="tmpfs" ino=11234 ioctlcmd=4e08 scontext=u:r:platform_app:s0:c512,c768 tcontext=u:object_r:device:s0 tclass=chr_file permissive=1 app=com.android.systemui
04-21 18:16:57.477  1239  1239 D InputEventConsistencyVerifier: TouchEvent: ACTION_DOWN but pointers are already down.  Probably missing ACTION_UP from previous gesture.
04-21 18:16:57.477  1239  1239 D InputEventConsistencyVerifier:   in android.view.ScaleGestureDetector@40f225e
04-21 18:16:57.477  1239  1239 D InputEventConsistencyVerifier:   0: sent at 90768726000, MotionEvent { action=ACTION_DOWN, actionButton=0, id[0]=0, x[0]=605.5, y[0]=1454.6667, toolType[0]=TOOL_TYPE_FINGER, buttonState=0, classification=NONE, metaState=0, flags=0x0, edgeFlags=0x0, pointerCount=1, historySize=0, eventTime=90768, downTime=90768, deviceId=2, source=0x1002, displayId=0 }
04-21 18:16:57.477  1239  1239 D InputEventConsistencyVerifier:   -- recent events --
04-21 18:16:57.477  1239  1239 D InputEventConsistencyVerifier:   1: sent at 90768726000, MotionEvent { action=ACTION_DOWN, actionButton=0, id[0]=0, x[0]=605.5, y[0]=1454.6667, toolType[0]=TOOL_TYPE_FINGER, buttonState=0, classification=NONE, metaState=0, flags=0x0, edgeFlags=0x0, pointerCount=1, historySize=0, eventTime=90768, downTime=90768, deviceId=2, source=0x1002, displayId=0 }
04-21 18:16:57.477  1239  1239 D InputEventConsistencyVerifier:   2: sent at 90246546000, MotionEvent { action=ACTION_UP, actionButton=0, id[0]=0, x[0]=570.25, y[0]=1545.3334, toolType[0]=TOOL_TYPE_FINGER, buttonState=0, classification=NONE, metaState=0, flags=0x0, edgeFlags=0x0, pointerCount=1, historySize=0, eventTime=90246, downTime=90054, deviceId=2, source=0x1002, displayId=0 }
04-21 18:16:57.477  1239  1239 D InputEventConsistencyVerifier:   3: sent at 90232506000, MotionEvent { action=ACTION_MOVE, actionButton=0, id[0]=0, x[0]=570.25, y[0]=1545.3334, toolType[0]=TOOL_TYPE_FINGER, buttonState=0, classification=NONE, metaState=0, flags=0x0, edgeFlags=0x0, pointerCount=1, historySize=4, eventTime=90232, downTime=90054, deviceId=2, source=0x1002, displayId=0 }
04-21 18:16:57.477  1239  1239 D InputEventConsistencyVerifier:   4: sent at 90189501291, MotionEvent { action=ACTION_MOVE, actionButton=0, id[0]=0, x[0]=549.0475, y[0]=1394.3292, toolType[0]=TOOL_TYPE_FINGER, buttonState=0, classification=NONE, metaState=0, flags=0x0, edgeFlags=0x0, pointerCount=1, historySize=4, eventTime=90189, downTime=90054, deviceId=2, source=0x1002, displayId=0 }
04-21 18:16:57.477  1239  1239 D InputEventConsistencyVerifier:   5: sent at 90152618000, MotionEvent { action=ACTION_MOVE, actionButton=0, id[0]=0, x[0]=547.75, y[0]=1128.0, toolType[0]=TOOL_TYPE_FINGER, buttonState=0, classification=NONE, metaState=0, flags=0x0, edgeFlags=0x0, pointerCount=1, historySize=0, eventTime=90152, downTime=90054, deviceId=2, source=0x1002, displayId=0 }
04-21 18:16:57.632  1572  1572 I GoogleInputMethodService: GoogleInputMethodService.onFinishInput():3341 
04-21 18:16:57.634  1572  1572 I GoogleInputMethodService: GoogleInputMethodService.onStartInput():1906 
04-21 18:16:57.647  1239  1239 D StatusBar: disable<e i A s b h r c S > disable2<q i n >
04-21 18:16:57.672  1239  1239 I RenderThread: type=1400 audit(0.0:356): avc: denied { read write } for name="nvhost-vic" dev="tmpfs" ino=11202 scontext=u:r:platform_app:s0:c512,c768 tcontext=u:object_r:device:s0 tclass=chr_file permissive=1 app=com.android.systemui
04-21 18:16:58.207  2404  2435 D         : cannot connect to power hinting service
04-21 18:16:58.294   491   508 I ActivityTaskManager: START u0 {act=android.intent.action.MAIN cat=[android.intent.category.LAUNCHER] flg=0x10200000 pkg=org.lineageos.jelly cmp=org.lineageos.jelly/.MainActivity bnds=[891,1861][1137,2044]} from uid 10091
04-21 18:16:58.317   491   515 E system_server: Invalid ID 0x00000000.
04-21 18:16:58.331   220   220 D Zygote  : Forked child process 2624
04-21 18:16:58.335  2624  2624 I Zygote  : seccomp disabled by setenforce 0
04-21 18:16:58.336   491   521 I ActivityManager: Start proc 2624:org.lineageos.jelly/u0a107 for pre-top-activity {org.lineageos.jelly/org.lineageos.jelly.MainActivity}
04-21 18:16:58.351   491   491 I android.anim: type=1400 audit(0.0:361): avc: denied { ioctl } for path="/dev/nvmap" dev="tmpfs" ino=11234 ioctlcmd=4e10 scontext=u:r:system_server:s0 tcontext=u:object_r:device:s0 tclass=chr_file permissive=1
04-21 18:16:58.366   491  1787 W OomAdjuster: Fallback pre-set sched group to default: not expected top priority
04-21 18:16:58.443  2404  2404 I RenderThread: type=1400 audit(0.0:362): avc: denied { ioctl } for path="/dev/nvmap" dev="tmpfs" ino=11234 ioctlcmd=4e08 scontext=u:r:priv_app:s0:c512,c768 tcontext=u:object_r:device:s0 tclass=chr_file permissive=1 app=com.android.launcher3
04-21 18:16:58.463  1239  1239 D ImageWallpaper: wallpaper visibility changes to: false
04-21 18:16:58.492  2624  2647 D libEGL  : loaded /vendor/lib/egl/libEGL_tegra.so
04-21 18:16:58.489  2624  2624 I RenderThread: type=1400 audit(0.0:363): avc: denied { read write } for name="nvhost-ctrl" dev="tmpfs" ino=7245 scontext=u:r:untrusted_app:s0:c107,c256,c512,c768 tcontext=u:object_r:device:s0 tclass=chr_file permissive=1 app=org.lineageos.jelly
04-21 18:16:58.548  2624  2647 D libEGL  : loaded /vendor/lib/egl/libGLESv1_CM_tegra.so
04-21 18:16:58.560  2624  2647 D libEGL  : loaded /vendor/lib/egl/libGLESv2_tegra.so
04-21 18:16:58.743  2624  2624 I WebViewFactory: Loading com.android.webview version 146.0.7680.153 (code 768015300)
04-21 18:16:58.818  2624  2624 I cr_WVCFactoryProvider: version=146.0.7680.153 (768015300) minSdkVersion=29 multiprocess=false packageId=127 splits=<none>
04-21 18:16:58.893  2624  2624 I cr_LibraryLoader: Successfully loaded native library
04-21 18:16:58.897  2624  2624 I cr_CachingUmaRecorder: Flushed 14 samples from 13 histograms, 0 samples were dropped.
04-21 18:16:58.931  2624  2624 I cr_ChildProcLH: ScopedServiceBindingBatch.tryActivate: false
04-21 18:16:58.937  2624  2624 I cr_CombinedPProvider: #registerProvider() provider:WV.sf@1dc3f1b isPolicyCacheEnabled:false policyProvidersSize:0
04-21 18:16:58.938  2624  2624 I cr_PolicyProvider: #setManagerAndSource() 0
04-21 18:16:58.949  2624  2624 I cr_DisplayManager: Is Display Topology available: false
04-21 18:16:58.978  2624  2624 I cr_CombinedPProvider: #linkNativeInternal() 1
04-21 18:16:58.979  2624  2624 I cr_AppResProvider: #getApplicationRestrictionsFromUserManager() Bundle[EMPTY_PARCEL]
04-21 18:16:58.979  2624  2624 I cr_PolicyProvider: #notifySettingsAvailable() 0
04-21 18:16:58.979  2624  2624 I cr_CombinedPProvider: #onSettingsAvailable() 0
04-21 18:16:58.979  2624  2624 I cr_CombinedPProvider: #flushPolicies()
04-21 18:16:59.016  2624  2659 W chromium: [WARNING:net/dns/dns_config_service_android.cc:69] Failed to read DnsConfig.
04-21 18:16:59.041  2624  2624 W chromium: [WARNING:android_webview/browser/network_service/net_helpers.cc:137] HTTP Cache size is: 20971520
04-21 18:16:59.071  2624  2624 W lineageos.jell: Accessing hidden method Landroid/webkit/WebChromeClient;->onThemeColorChanged(Landroid/webkit/WebView;I)V (blacklist, reflection, denied)
04-21 18:16:59.121   491  1760 D ConnectivityService: requestNetwork for uid/pid:10107/2624 NetworkRequest [ TRACK_DEFAULT id=18, [ Capabilities: INTERNET&NOT_RESTRICTED&TRUSTED Uid: 10107] ]
04-21 18:16:59.121   491  1206 D Ethernet: got request NetworkRequest [ TRACK_DEFAULT id=18, [ Capabilities: INTERNET&NOT_RESTRICTED&TRUSTED Uid: 10107] ] with score 0 and serial 0
04-21 18:16:59.122   491  1174 D WifiNetworkFactory: got request NetworkRequest [ TRACK_DEFAULT id=18, [ Capabilities: INTERNET&NOT_RESTRICTED&TRUSTED Uid: 10107] ] with score 0 and serial 0
04-21 18:16:59.122   491  1174 D UntrustedWifiNetworkFactory: got request NetworkRequest [ TRACK_DEFAULT id=18, [ Capabilities: INTERNET&NOT_RESTRICTED&TRUSTED Uid: 10107] ] with score 0 and serial 0
04-21 18:16:59.122  1473  1473 D PhoneSwitcherNetworkRequstListener: got request NetworkRequest [ TRACK_DEFAULT id=18, [ Capabilities: INTERNET&NOT_RESTRICTED&TRUSTED Uid: 10107] ] with score 0 and serial 0
04-21 18:16:59.125  1239  1239 V KeyguardUpdateMonitor: onSubscriptionInfoChanged()
04-21 18:16:59.172   491  1870 D AutofillManagerServiceImpl: Reset component for user 0:
04-21 18:16:59.173   491   512 D AutofillUI: destroySaveUiUiThread(): already destroyed
04-21 18:16:59.251  2624  2678 W chromium: [WARNING:content/child/runtime_features.cc:563] Fenced frames cannot be enabled in this configuration. Use --enable-features=FencedFrames instead.
04-21 18:16:59.251  2624  2678 W chromium: [WARNING:content/child/runtime_features.cc:588] Topics cannot be enabled in this configuration. Use --enable-features=BrowsingTopics in addition.
04-21 18:16:59.251  2624  2678 W chromium: [WARNING:content/child/runtime_features.cc:609] SharedStorage cannot be enabled in this configuration. Use --enable-features=SharedStorageAPI in addition.
04-21 18:16:59.251  2624  2678 W chromium: [WARNING:content/child/runtime_features.cc:619] AttributionReporting cannot be enabled in this configuration. Use --enable-features=ConversionMeasurement in addition.
04-21 18:16:59.255  2624  2664 W cr_media: getBluetoothAdapter() requires BLUETOOTH permission
04-21 18:16:59.255  2624  2664 W cr_media: registerBluetoothIntentsIfNeeded: Requires BLUETOOTH permission
04-21 18:16:59.262  2624  2676 D NvOsDebugPrintf: NvRmPrivGetChipPlatform: Could not read platform information 
04-21 18:16:59.262  2624  2676 D NvOsDebugPrintf: Expected on kernels without fuse support, using silicon
04-21 18:16:59.277  2624  2624 I Chrome_InProcGp: type=1400 audit(0.0:369): avc: denied { read } for name="family" dev="sysfs" ino=247 scontext=u:r:untrusted_app:s0:c107,c256,c512,c768 tcontext=u:object_r:sysfs:s0 tclass=file permissive=1 app=org.lineageos.jelly
04-21 18:16:59.278  2624  2624 I Chrome_InProcGp: type=1400 audit(0.0:370): avc: denied { open } for path="/sys/devices/soc0/family" dev="sysfs" ino=247 scontext=u:r:untrusted_app:s0:c107,c256,c512,c768 tcontext=u:object_r:sysfs:s0 tclass=file permissive=1 app=org.lineageos.jelly
04-21 18:16:59.302   491  1334 E WindowManager: App trying to use insecure INPUT_FEATURE_NO_INPUT_CHANNEL flag. Ignoring
04-21 18:16:59.278  2624  2624 I Chrome_InProcGp: type=1400 audit(0.0:371): avc: denied { getattr } for path="/sys/devices/soc0/family" dev="sysfs" ino=247 scontext=u:r:untrusted_app:s0:c107,c256,c512,c768 tcontext=u:object_r:sysfs:s0 tclass=file permissive=1 app=org.lineageos.jelly
04-21 18:16:59.336  2624  2681 I CameraManagerGlobal: Connecting to camera service
04-21 18:16:59.342   273   587 W ServiceManager: Permission failure: android.permission.CAMERA_OPEN_CLOSE_LISTENER from uid=10107 pid=2624
04-21 18:16:59.356  2624  2657 W chromium: [WARNING:base/android/library_loader/library_prefetcher.cc:194] Incorrect code ordering
04-21 18:16:59.356  2624  2657 W chromium: [WARNING:base/android/library_loader/library_prefetcher.cc:260] Cannot prefetch the library. status = 1
04-21 18:16:59.539   168   168 I hwservicemanager: getTransport: Cannot find entry android.hardware.graphics.mapper@3.0::IMapper/default in either framework or device manifest.
04-21 18:16:59.539  2624  2645 W Gralloc3: mapper 3.x is not supported
04-21 18:16:59.556  2624  2645 D         : cannot connect to power hinting service
04-21 18:16:59.556  2624  2645 D         : cannot connect to power hinting service
04-21 18:16:59.554  2624  2624 I RenderThread: type=1400 audit(0.0:372): avc: denied { write } for name="phsd" dev="tmpfs" ino=7107 scontext=u:r:untrusted_app:s0:c107,c256,c512,c768 tcontext=u:object_r:socket_device:s0 tclass=sock_file permissive=1 app=org.lineageos.jelly
04-21 18:16:59.758   491   519 I ActivityTaskManager: Displayed org.lineageos.jelly/.MainActivity: +1s456ms
04-21 18:16:59.812  1572  1572 I GoogleInputMethodService: GoogleInputMethodService.onFinishInput():3341 
04-21 18:16:59.813  1572  1572 I GoogleInputMethodService: GoogleInputMethodService.onStartInput():1906 
04-21 18:16:59.826  2624  2671 I VideoCapabilities: Unsupported profile 4 for video/mp4v-es
04-21 18:16:59.846  2624  2691 D NetworkSecurityConfig: Using Network Security Config from resource network_security_config debugBuild: false
04-21 18:16:59.869  2624  2691 E SuggestionProvider: Problem getting search suggestions
04-21 18:16:59.872  2624  2691 E SuggestionProvider: Problem getting search suggestions
04-21 18:17:00.005  1239  1239 D KeyguardClockSwitch: Updating clock: 6:17
04-21 18:17:00.010  1239  1239 I RenderThread: type=1400 audit(0.0:373): avc: denied { ioctl } for path="/dev/nvmap" dev="tmpfs" ino=11234 ioctlcmd=4e08 scontext=u:r:platform_app:s0:c512,c768 tcontext=u:object_r:device:s0 tclass=chr_file permissive=1 app=com.android.systemui
04-21 18:17:01.891   491  1735 E TaskPersister: File error accessing recents directory (directory doesn't exist?).
04-21 18:17:01.988   491   511 D AutofillManagerService: Close system dialogs
04-21 18:17:01.997  1239  1239 V StatusBar: mStatusBarWindow: com.android.systemui.statusbar.phone.StatusBarWindowView{8ec8080 V.E...... ........ 0,0-1536,49} canPanelBeCollapsed(): false
04-21 18:17:02.012   491  1787 I ActivityTaskManager: START u0 {act=android.intent.action.MAIN cat=[android.intent.category.HOME] flg=0x10000000 pkg=com.android.launcher3 cmp=com.android.launcher3/.lineage.LineageLauncher (has extras)} from uid 10091
04-21 18:17:02.034   491  1447 W ActivityManager: Unable to start service Intent { act=com.android.launcher3.WINDOW_OVERLAY dat=app://com.android.launcher3:10091?v=9&cv=14 pkg=com.google.android.googlequicksearchbox } U=0: not found
04-21 18:17:02.054   491  1334 D WindowManager: relayoutVisibleWindow: Window{3b9c3bf u0 com.android.launcher3/com.android.launcher3.lineage.LineageLauncher EXITING} mAnimatingExit=true, mRemoveOnExit=false, mDestroying=false
04-21 18:17:02.059  2404  2404 I RenderThread: type=1400 audit(0.0:374): avc: denied { read write } for name="nvhost-vic" dev="tmpfs" ino=11202 scontext=u:r:priv_app:s0:c512,c768 tcontext=u:object_r:device:s0 tclass=chr_file permissive=1 app=com.android.launcher3
04-21 18:17:02.060  2404  2404 I RenderThread: type=1400 audit(0.0:376): avc: denied { open } for path="/sys/devices/platform/host1x/capabilities/num_pts" dev="sysfs" ino=5180 scontext=u:r:priv_app:s0:c512,c768 tcontext=u:object_r:sysfs:s0 tclass=file permissive=1 app=com.android.launcher3
04-21 18:17:02.079   243   255 W ServiceManager: Permission failure: android.permission.ACCESS_SURFACE_FLINGER from uid=10091 pid=2404
04-21 18:17:02.079   243   255 D PermissionCache: checking android.permission.ACCESS_SURFACE_FLINGER for uid=10091 => denied (976 us)
04-21 18:17:02.103   243   243 E Layer   : [Surface(name=AppWindowToken{e057284 token=Token{e210097 ActivityRecord{a267f16 u0 org.lineageos.jelly/.MainActivity t7}}})/@0xf2feb38 - animation-leash#0] No local sync point found
04-21 18:17:02.103   243   243 E Layer   : [Surface(name=AppWindowToken{e057284 token=Token{e210097 ActivityRecord{a267f16 u0 org.lineageos.jelly/.MainActivity t7}}})/@0xf2feb38 - animation-leash#0] No local sync point found
04-21 18:17:02.103   243   243 E Layer   : [Surface(name=AppWindowToken{42abec8 token=Token{cfe836b ActivityRecord{1d7b8ba u0 com.android.launcher3/.lineage.LineageLauncher t6}}})/@0x210bf35 - animation-leash#0] No local sync point found
04-21 18:17:02.103   243   243 E Layer   : [Surface(name=AppWindowToken{42abec8 token=Token{cfe836b ActivityRecord{1d7b8ba u0 com.android.launcher3/.lineage.LineageLauncher t6}}})/@0x210bf35 - animation-leash#0] No local sync point found
04-21 18:17:02.181  1239  1239 D ImageWallpaper: wallpaper visibility changes to: true
04-21 18:17:02.188   243   536 D PermissionCache: checking android.permission.READ_FRAME_BUFFER for uid=1000 => granted (172 us)
04-21 18:17:02.197   243   243 I surfaceflinger: type=1400 audit(0.0:378): avc: denied { execmem } for scontext=u:r:surfaceflinger:s0 tcontext=u:r:surfaceflinger:s0 tclass=process permissive=1
04-21 18:17:02.252  1572  1572 I GoogleInputMethodService: GoogleInputMethodService.onFinishInput():3341 
04-21 18:17:02.253  1572  1572 I GoogleInputMethodService: GoogleInputMethodService.onStartInput():1906 
04-21 18:17:02.308   243   243 E Layer   : [Surface(name=AppWindowToken{42abec8 token=Token{cfe836b ActivityRecord{1d7b8ba u0 com.android.launcher3/.lineage.LineageLauncher t6}}})/@0x210bf35 - animation-leash#0] No local sync point found
04-21 18:17:02.308   243   243 E Layer   : [Surface(name=AppWindowToken{42abec8 token=Token{cfe836b ActivityRecord{1d7b8ba u0 com.android.launcher3/.lineage.LineageLauncher t6}}})/@0x210bf35 - animation-leash#0] No local sync point found
04-21 18:17:02.308   243   243 E Layer   : [Surface(name=AppWindowToken{e057284 token=Token{e210097 ActivityRecord{a267f16 u0 org.lineageos.jelly/.MainActivity t7}}})/@0xf2feb38 - animation-leash#0] No local sync point found
04-21 18:17:02.308   243   243 E Layer   : [Surface(name=AppWindowToken{e057284 token=Token{e210097 ActivityRecord{a267f16 u0 org.lineageos.jelly/.MainActivity t7}}})/@0xf2feb38 - animation-leash#0] No local sync point found
04-21 18:17:02.383  2404  2417 I droid.launcher: NativeAlloc concurrent copying GC freed 10301(812KB) AllocSpace objects, 5(260KB) LOS objects, 42% free, 2718KB/4766KB, paused 99us total 109.003ms
04-21 18:17:02.400  1239  1255 I ndroid.systemu: NativeAlloc concurrent copying GC freed 12447(674KB) AllocSpace objects, 0(0B) LOS objects, 28% free, 5091KB/7139KB, paused 128us total 118.743ms
04-21 18:17:02.679   491   504 I system_server: NativeAlloc concurrent copying GC freed 15699(1314KB) AllocSpace objects, 12(576KB) LOS objects, 24% free, 7615KB/10086KB, paused 154us total 113.818ms
04-21 18:17:02.745  2404  2404 D StrictMode: StrictMode policy violation; ~duration=3 ms: android.os.strictmode.ResourceMismatchViolation: TypedValue{t=0x3/d=0x8 "1f" a=-1}
04-21 18:17:02.745  2404  2404 D StrictMode: 	at android.os.StrictMode$AndroidBlockGuardPolicy.onResourceMismatch(StrictMode.java:1534)
04-21 18:17:02.745  2404  2404 D StrictMode: 	at android.os.StrictMode.noteResourceMismatch(StrictMode.java:2488)
04-21 18:17:02.745  2404  2404 D StrictMode: 	at android.content.res.TypedArray.getFloat(TypedArray.java:474)
04-21 18:17:02.745  2404  2404 D StrictMode: 	at android.animation.AnimatorInflater.loadKeyframe(AnimatorInflater.java:983)
04-21 18:17:02.745  2404  2404 D StrictMode: 	at android.animation.AnimatorInflater.loadPvh(AnimatorInflater.java:845)
04-21 18:17:02.745  2404  2404 D StrictMode: 	at android.animation.AnimatorInflater.loadValues(AnimatorInflater.java:742)
04-21 18:17:02.745  2404  2404 D StrictMode: 	at android.animation.AnimatorInflater.createAnimatorFromXml(AnimatorInflater.java:684)
04-21 18:17:02.745  2404  2404 D StrictMode: 	at android.animation.AnimatorInflater.createAnimatorFromXml(AnimatorInflater.java:642)
04-21 18:17:02.745  2404  2404 D StrictMode: 	at android.animation.AnimatorInflater.loadAnimator(AnimatorInflater.java:126)
04-21 18:17:02.745  2404  2404 D StrictMode: 	at android.animation.AnimatorInflater.loadAnimator(AnimatorInflater.java:106)
04-21 18:17:02.745  2404  2404 D StrictMode: 	at android.animation.AnimatorInflater.loadAnimator(AnimatorInflater.java:91)
04-21 18:17:02.745  2404  2404 D StrictMode: 	at com.android.launcher3.allapps.DiscoveryBounce.<init>(DiscoveryBounce.java:74)
04-21 18:17:02.745  2404  2404 D StrictMode: 	at com.android.launcher3.allapps.DiscoveryBounce.showForOverviewIfNeeded(DiscoveryBounce.java:191)
04-21 18:17:02.745  2404  2404 D StrictMode: 	at com.android.launcher3.allapps.DiscoveryBounce.lambda$showForOverviewIfNeeded$1(DiscoveryBounce.java:182)
04-21 18:17:02.745  2404  2404 D StrictMode: 	at com.android.launcher3.allapps.-$$Lambda$DiscoveryBounce$nH_kGUpN9-eIXSNWizqgojM7CJQ.run(Unknown Source:2)
04-21 18:17:02.745  2404  2404 D StrictMode: 	at android.os.Handler.handleCallback(Handler.java:883)
04-21 18:17:02.745  2404  2404 D StrictMode: 	at android.os.Handler.dispatchMessage(Handler.java:100)
04-21 18:17:02.745  2404  2404 D StrictMode: 	at android.os.Looper.loop(Looper.java:214)
04-21 18:17:02.745  2404  2404 D StrictMode: 	at android.app.ActivityThread.main(ActivityThread.java:7356)
04-21 18:17:02.745  2404  2404 D StrictMode: 	at java.lang.reflect.Method.invoke(Native Method)
04-21 18:17:02.745  2404  2404 D StrictMode: 	at com.android.internal.os.RuntimeInit$MethodAndArgsCaller.run(RuntimeInit.java:491)
04-21 18:17:02.745  2404  2404 D StrictMode: 	at com.android.internal.os.ZygoteInit.main(ZygoteInit.java:940)
04-21 18:17:02.749   491   513 I DropBoxManagerService: add tag=system_app_strictmode isTagEnabled=true flags=0x2
04-21 18:17:02.749  2404  2404 D StrictMode: StrictMode policy violation; ~duration=2 ms: android.os.strictmode.ResourceMismatchViolation: TypedValue{t=0x3/d=0x8 "1f" a=-1}
04-21 18:17:02.749  2404  2404 D StrictMode: 	at android.os.StrictMode$AndroidBlockGuardPolicy.onResourceMismatch(StrictMode.java:1534)
04-21 18:17:02.749  2404  2404 D StrictMode: 	at android.os.StrictMode.noteResourceMismatch(StrictMode.java:2488)
04-21 18:17:02.749  2404  2404 D StrictMode: 	at android.content.res.TypedArray.getFloat(TypedArray.java:474)
04-21 18:17:02.749  2404  2404 D StrictMode: 	at android.animation.AnimatorInflater.loadKeyframe(AnimatorInflater.java:983)
04-21 18:17:02.749  2404  2404 D StrictMode: 	at android.animation.AnimatorInflater.loadPvh(AnimatorInflater.java:845)
04-21 18:17:02.749  2404  2404 D StrictMode: 	at android.animation.AnimatorInflater.loadValues(AnimatorInflater.java:742)
04-21 18:17:02.749  2404  2404 D StrictMode: 	at android.animation.AnimatorInflater.createAnimatorFromXml(AnimatorInflater.java:684)
04-21 18:17:02.749  2404  2404 D StrictMode: 	at android.animation.AnimatorInflater.createAnimatorFromXml(AnimatorInflater.java:642)
04-21 18:17:02.749  2404  2404 D StrictMode: 	at android.animation.AnimatorInflater.loadAnimator(AnimatorInflater.java:126)
04-21 18:17:02.749  2404  2404 D StrictMode: 	at android.animation.AnimatorInflater.loadAnimator(AnimatorInflater.java:106)
04-21 18:17:02.749  2404  2404 D StrictMode: 	at android.animation.AnimatorInflater.loadAnimator(AnimatorInflater.java:91)
04-21 18:17:02.749  2404  2404 D StrictMode: 	at com.android.launcher3.allapps.DiscoveryBounce.<init>(DiscoveryBounce.java:74)
04-21 18:17:02.749  2404  2404 D StrictMode: 	at com.android.launcher3.allapps.DiscoveryBounce.showForOverviewIfNeeded(DiscoveryBounce.java:191)
04-21 18:17:02.749  2404  2404 D StrictMode: 	at com.android.launcher3.allapps.DiscoveryBounce.lambda$showForOverviewIfNeeded$1(DiscoveryBounce.java:182)
04-21 18:17:02.749  2404  2404 D StrictMode: 	at com.android.launcher3.allapps.-$$Lambda$DiscoveryBounce$nH_kGUpN9-eIXSNWizqgojM7CJQ.run(Unknown Source:2)
04-21 18:17:02.749  2404  2404 D StrictMode: 	at android.os.Handler.handleCallback(Handler.java:883)
04-21 18:17:02.749  2404  2404 D StrictMode: 	at android.os.Handler.dispatchMessage(Handler.java:100)
04-21 18:17:02.749  2404  2404 D StrictMode: 	at android.os.Looper.loop(Looper.java:214)
04-21 18:17:02.749  2404  2404 D StrictMode: 	at android.app.ActivityThread.main(ActivityThread.java:7356)
04-21 18:17:02.749  2404  2404 D StrictMode: 	at java.lang.reflect.Method.invoke(Native Method)
04-21 18:17:02.749  2404  2404 D StrictMode: 	at com.android.internal.os.RuntimeInit$MethodAndArgsCaller.run(RuntimeInit.java:491)
04-21 18:17:02.749  2404  2404 D StrictMode: 	at com.android.internal.os.ZygoteInit.main(ZygoteInit.java:940)
04-21 18:17:02.753  2404  2404 D StrictMode: StrictMode policy violation; ~duration=2 ms: android.os.strictmode.ResourceMismatchViolation: TypedValue{t=0x3/d=0x7 "0.9738f" a=-1}
04-21 18:17:02.753  2404  2404 D StrictMode: 	at android.os.StrictMode$AndroidBlockGuardPolicy.onResourceMismatch(StrictMode.java:1534)
04-21 18:17:02.753  2404  2404 D StrictMode: 	at android.os.StrictMode.noteResourceMismatch(StrictMode.java:2488)
04-21 18:17:02.753  2404  2404 D StrictMode: 	at android.content.res.TypedArray.getFloat(TypedArray.java:474)
04-21 18:17:02.753  2404  2404 D StrictMode: 	at android.animation.AnimatorInflater.loadKeyframe(AnimatorInflater.java:983)
04-21 18:17:02.753  2404  2404 D StrictMode: 	at android.animation.AnimatorInflater.loadPvh(AnimatorInflater.java:845)
04-21 18:17:02.753  2404  2404 D StrictMode: 	at android.animation.AnimatorInflater.loadValues(AnimatorInflater.java:742)
04-21 18:17:02.753  2404  2404 D StrictMode: 	at android.animation.AnimatorInflater.createAnimatorFromXml(AnimatorInflater.java:684)
04-21 18:17:02.753  2404  2404 D StrictMode: 	at android.animation.AnimatorInflater.createAnimatorFromXml(AnimatorInflater.java:642)
04-21 18:17:02.753  2404  2404 D StrictMode: 	at android.animation.AnimatorInflater.loadAnimator(AnimatorInflater.java:126)
04-21 18:17:02.753  2404  2404 D StrictMode: 	at android.animation.AnimatorInflater.loadAnimator(AnimatorInflater.java:106)
04-21 18:17:02.753  2404  2404 D StrictMode: 	at android.animation.AnimatorInflater.loadAnimator(AnimatorInflater.java:91)
04-21 18:17:02.753  2404  2404 D StrictMode: 	at com.android.launcher3.allapps.DiscoveryBounce.<init>(DiscoveryBounce.java:74)
04-21 18:17:02.753  2404  2404 D StrictMode: 	at com.android.launcher3.allapps.DiscoveryBounce.showForOverviewIfNeeded(DiscoveryBounce.java:191)
04-21 18:17:02.753  2404  2404 D StrictMode: 	at com.android.launcher3.allapps.DiscoveryBounce.lambda$showForOverviewIfNeeded$1(DiscoveryBounce.java:182)
04-21 18:17:02.753  2404  2404 D StrictMode: 	at com.android.launcher3.allapps.-$$Lambda$DiscoveryBounce$nH_kGUpN9-eIXSNWizqgojM7CJQ.run(Unknown Source:2)
04-21 18:17:02.753  2404  2404 D StrictMode: 	at android.os.Handler.handleCallback(Handler.java:883)
04-21 18:17:02.753  2404  2404 D StrictMode: 	at android.os.Handler.dispatchMessage(Handler.java:100)
04-21 18:17:02.753  2404  2404 D StrictMode: 	at android.os.Looper.loop(Looper.java:214)
04-21 18:17:02.753  2404  2404 D StrictMode: 	at android.app.ActivityThread.main(ActivityThread.java:7356)
04-21 18:17:02.753  2404  2404 D StrictMode: 	at java.lang.reflect.Method.invoke(Native Method)
04-21 18:17:02.753  2404  2404 D StrictMode: 	at com.android.internal.os.RuntimeInit$MethodAndArgsCaller.run(RuntimeInit.java:491)
04-21 18:17:02.753  2404  2404 D StrictMode: 	at com.android.internal.os.ZygoteInit.main(ZygoteInit.java:940)
04-21 18:17:02.756  2404  2404 D StrictMode: StrictMode policy violation; ~duration=1 ms: android.os.strictmode.ResourceMismatchViolation: TypedValue{t=0x3/d=0x8 "1f" a=-1}
04-21 18:17:02.756  2404  2404 D StrictMode: 	at android.os.StrictMode$AndroidBlockGuardPolicy.onResourceMismatch(StrictMode.java:1534)
04-21 18:17:02.756  2404  2404 D StrictMode: 	at android.os.StrictMode.noteResourceMismatch(StrictMode.java:2488)
04-21 18:17:02.756  2404  2404 D StrictMode: 	at android.content.res.TypedArray.getFloat(TypedArray.java:474)
04-21 18:17:02.756  2404  2404 D StrictMode: 	at android.animation.AnimatorInflater.loadKeyframe(AnimatorInflater.java:983)
04-21 18:17:02.756  2404  2404 D StrictMode: 	at android.animation.AnimatorInflater.loadPvh(AnimatorInflater.java:845)
04-21 18:17:02.756  2404  2404 D StrictMode: 	at android.animation.AnimatorInflater.loadValues(AnimatorInflater.java:742)
04-21 18:17:02.756  2404  2404 D StrictMode: 	at android.animation.AnimatorInflater.createAnimatorFromXml(AnimatorInflater.java:684)
04-21 18:17:02.756  2404  2404 D StrictMode: 	at android.animation.AnimatorInflater.createAnimatorFromXml(AnimatorInflater.java:642)
04-21 18:17:02.756  2404  2404 D StrictMode: 	at android.animation.AnimatorInflater.loadAnimator(AnimatorInflater.java:126)
04-21 18:17:02.756  2404  2404 D StrictMode: 	at android.animation.AnimatorInflater.loadAnimator(AnimatorInflater.java:106)
04-21 18:17:02.756  2404  2404 D StrictMode: 	at android.animation.AnimatorInflater.loadAnimator(AnimatorInflater.java:91)
04-21 18:17:02.756  2404  2404 D StrictMode: 	at com.android.launcher3.allapps.DiscoveryBounce.<init>(DiscoveryBounce.java:74)
04-21 18:17:02.756  2404  2404 D StrictMode: 	at com.android.launcher3.allapps.DiscoveryBounce.showForOverviewIfNeeded(DiscoveryBounce.java:191)
04-21 18:17:02.756  2404  2404 D StrictMode: 	at com.android.launcher3.allapps.DiscoveryBounce.lambda$showForOverviewIfNeeded$1(DiscoveryBounce.java:182)
04-21 18:17:02.756  2404  2404 D StrictMode: 	at com.android.launcher3.allapps.-$$Lambda$DiscoveryBounce$nH_kGUpN9-eIXSNWizqgojM7CJQ.run(Unknown Source:2)
04-21 18:17:02.756  2404  2404 D StrictMode: 	at android.os.Handler.handleCallback(Handler.java:883)
04-21 18:17:02.756  2404  2404 D StrictMode: 	at android.os.Handler.dispatchMessage(Handler.java:100)
04-21 18:17:02.756  2404  2404 D StrictMode: 	at android.os.Looper.loop(Looper.java:214)
04-21 18:17:02.756  2404  2404 D StrictMode: 	at android.app.ActivityThread.main(ActivityThread.java:7356)
04-21 18:17:02.756  2404  2404 D StrictMode: 	at java.lang.reflect.Method.invoke(Native Method)
04-21 18:17:02.756  2404  2404 D StrictMode: 	at com.android.internal.os.RuntimeInit$MethodAndArgsCaller.run(RuntimeInit.java:491)
04-21 18:17:02.756  2404  2404 D StrictMode: 	at com.android.internal.os.ZygoteInit.main(ZygoteInit.java:940)
04-21 18:17:02.758   491   513 I chatty  : uid=1000(system) android.io identical 3 lines
04-21 18:17:02.762   491   513 I DropBoxManagerService: add tag=system_app_strictmode isTagEnabled=true flags=0x2
04-21 18:17:03.506   491   514 I ActivityManager: Killing 1973:com.android.exchange/u0a106 (adj 985): empty #17
04-21 18:17:03.508   491  1735 E TaskPersister: File error accessing recents directory (directory doesn't exist?).
04-21 18:17:03.509   491   514 I ActivityManager: Killing 2624:org.lineageos.jelly/u0a107 (adj 905): remove task
04-21 18:17:02.759  2404  2404 D StrictMode: StrictMode policy violation; ~duration=1 ms: android.os.strictmode.ResourceMismatchViolation: TypedValue{t=0x3/d=0x8 "1f" a=-1}
04-21 18:17:02.759  2404  2404 D StrictMode: 	at android.os.StrictMode$AndroidBlockGuardPolicy.onResourceMismatch(StrictMode.java:1534)
04-21 18:17:02.759  2404  2404 D StrictMode: 	at android.os.StrictMode.noteResourceMismatch(StrictMode.java:2488)
04-21 18:17:02.759  2404  2404 D StrictMode: 	at android.content.res.TypedArray.getFloat(TypedArray.java:474)
04-21 18:17:02.759  2404  2404 D StrictMode: 	at android.animation.AnimatorInflater.loadKeyframe(AnimatorInflater.java:983)
04-21 18:17:02.759  2404  2404 D StrictMode: 	at android.animation.AnimatorInflater.loadPvh(AnimatorInflater.java:845)
04-21 18:17:02.759  2404  2404 D StrictMode: 	at android.animation.AnimatorInflater.loadValues(AnimatorInflater.java:742)
04-21 18:17:02.759  2404  2404 D StrictMode: 	at android.animation.AnimatorInflater.createAnimatorFromXml(AnimatorInflater.java:684)
04-21 18:17:02.759  2404  2404 D StrictMode: 	at android.animation.AnimatorInflater.createAnimatorFromXml(AnimatorInflater.java:642)
04-21 18:17:02.759  2404  2404 D StrictMode: 	at android.animation.AnimatorInflater.loadAnimator(AnimatorInflater.java:126)
04-21 18:17:02.759  2404  2404 D StrictMode: 	at android.animation.AnimatorInflater.loadAnimator(AnimatorInflater.java:106)
04-21 18:17:02.759  2404  2404 D StrictMode: 	at android.animation.AnimatorInflater.loadAnimator(AnimatorInflater.java:91)
04-21 18:17:02.759  2404  2404 D StrictMode: 	at com.android.launcher3.allapps.DiscoveryBounce.<init>(DiscoveryBounce.java:74)
04-21 18:17:02.759  2404  2404 D StrictMode: 	at com.android.launcher3.allapps.DiscoveryBounce.showForOverviewIfNeeded(DiscoveryBounce.java:191)
04-21 18:17:02.759  2404  2404 D StrictMode: 	at com.android.launcher3.allapps.DiscoveryBounce.lambda$showForOverviewIfNeeded$1(DiscoveryBounce.java:182)
04-21 18:17:02.759  2404  2404 D StrictMode: 	at com.android.launcher3.allapps.-$$Lambda$DiscoveryBounce$nH_kGUpN9-eIXSNWizqgojM7CJQ.run(Unknown Source:2)
04-21 18:17:02.759  2404  2404 D StrictMode: 	at android.os.Handler.handleCallback(Handler.java:883)
04-21 18:17:02.759  2404  2404 D StrictMode: 	at android.os.Handler.dispatchMessage(Handler.java:100)
04-21 18:17:02.759  2404  2404 D StrictMode: 	at android.os.Looper.loop(Looper.java:214)
04-21 18:17:02.759  2404  2404 D StrictMode: 	at android.app.ActivityThread.main(ActivityThread.java:7356)
04-21 18:17:02.759  2404  2404 D StrictMode: 	at java.lang.reflect.Method.invoke(Native Method)
04-21 18:17:02.759  2404  2404 D StrictMode: 	at com.android.internal.os.RuntimeInit$MethodAndArgsCaller.run(RuntimeInit.java:491)
04-21 18:17:02.759  2404  2404 D StrictMode: 	at com.android.internal.os.ZygoteInit.main(ZygoteInit.java:940)
04-21 18:17:03.536   220   220 I Zygote  : Process 1973 exited due to signal 9 (Killed)
04-21 18:17:03.559   491   522 I libprocessgroup: Successfully killed process cgroup uid 10106 pid 1973 in 51ms
04-21 18:17:03.564   491  1870 D ConnectivityService: ConnectivityService NetworkRequestInfo binderDied(NetworkRequest [ LISTEN id=19, [ Capabilities: INTERNET&NOT_RESTRICTED&TRUSTED&FOREGROUND Uid: 10107] ], android.os.BinderProxy@d71b06e)
04-21 18:17:03.565   491  1760 D ConnectivityService: ConnectivityService NetworkRequestInfo binderDied(NetworkRequest [ TRACK_DEFAULT id=18, [ Capabilities: INTERNET&NOT_RESTRICTED&TRUSTED Uid: 10107] ], android.os.BinderProxy@3dd30f)
04-21 18:17:03.565   491  1333 I WindowManager: WIN DEATH: Window{405b6dc u0 org.lineageos.jelly/org.lineageos.jelly.MainActivity}
04-21 18:17:03.566   491  1177 D ConnectivityService: releasing NetworkRequest [ TRACK_DEFAULT id=18, [ Capabilities: INTERNET&NOT_RESTRICTED&TRUSTED Uid: 10107] ] (release request)
04-21 18:17:03.569  1239  1239 V KeyguardUpdateMonitor: onSubscriptionInfoChanged()
04-21 18:17:03.585   491   514 W ActivityManager: setHasOverlayUi called on unknown pid: 2624
04-21 18:17:03.600   220   220 I Zygote  : Process 2624 exited due to signal 9 (Killed)
04-21 18:17:03.625   491   522 I libprocessgroup: Successfully killed process cgroup uid 10107 pid 2624 in 45ms
04-21 18:17:07.154   491  1735 E TaskPersister: File error accessing recents directory (directory doesn't exist?).
04-21 18:17:08.403   228   228 I health@2.0-serv: type=1400 audit(0.0:382): avc: denied { read } for scontext=u:r:init:s0 tcontext=u:r:init:s0 tclass=netlink_kobject_uevent_socket permissive=1
04-21 18:17:19.304   289   289 W wificond: Failed to get NL80211_ATTR_EXT_FEATURES
04-21 18:17:19.835   491  2704 I BackgroundDexOptService: Pinning optimized code {}
04-21 18:17:22.399   491   508 D WificondControl: Scan result ready event
04-21 18:17:22.419  1289  1289 I wpa_supplicant: wlan0: GAS-QUERY-START addr=f2:01:f7:9d:fb:f9 dialog_token=2 freq=2437
04-21 18:17:22.422   491  1174 D HS20    : ANQP initiated on f2:01:f7:9d:fb:f9
04-21 18:17:22.422   491  1174 D PasspointManager: ANQP entry not found for: f2:01:f7:9d:fb:f9:<motoedge50fusion_5380>
04-21 18:17:25.065  1289  1289 I wpa_supplicant: wlan0: GAS-QUERY-DONE addr=f2:01:f7:9d:fb:f9 dialog_token=2 freq=2437 status_code=0 result=TIMEOUT
04-21 18:17:25.065  1289  1289 I wpa_supplicant: wlan0: ANQP-QUERY-DONE addr=f2:01:f7:9d:fb:f9 result=FAILURE
04-21 18:17:30.620   228   228 I health@2.0-serv: type=1400 audit(0.0:383): avc: denied { call } for scontext=u:r:init:s0 tcontext=u:r:storaged:s0 tclass=binder permissive=1
04-21 18:17:30.622   228   228 I health@2.0-serv: type=1400 audit(0.0:384): avc: denied { call } for scontext=u:r:init:s0 tcontext=u:r:system_server:s0 tclass=binder permissive=1
04-21 18:17:30.746   491   534 D LightsService: Excessive delay setting light
04-21 18:17:30.747   491   533 W system_server: Long monitor contention with owner HwBinder:491_1 (534) at void com.android.server.BatteryService.update(android.hardware.health.V2_0.HealthInfo)(BatteryService.java:444) waiters=0 in boolean com.android.server.BatteryService$LocalService.isPowered(int) for 114ms
04-21 18:17:19.313   289   289 I chatty  : uid=1010(wifi) /system/bin/wificond identical 1 line
04-21 18:17:19.320   289   289 W wificond: Failed to get NL80211_ATTR_EXT_FEATURES
04-21 18:17:30.751   491   491 W Looper  : Slow dispatch took 118ms main h=android.app.ActivityThread$H c=android.app.-$$Lambda$LoadedApk$ReceiverDispatcher$Args$_BumDX2UKsnxLVrE6UJsJZkotuA@69de59c m=0
04-21 18:17:36.468   491   663 D LightsService: Excessive delay setting light
04-21 18:17:36.470   491   491 W Looper  : Slow dispatch took 112ms main h=android.app.ActivityThread$H c=android.app.-$$Lambda$LoadedApk$ReceiverDispatcher$Args$_BumDX2UKsnxLVrE6UJsJZkotuA@fd87ba5 m=0
04-21 18:17:46.008   288   288 I storaged: type=1400 audit(0.0:385): avc: denied { call } for scontext=u:r:storaged:s0 tcontext=u:r:init:s0 tclass=binder permissive=1
04-21 18:17:56.419   491   533 V DisplayPowerController: Brightness [10] reason changing to: 'manual [ dim ]', previous reason: 'manual'.
04-21 18:18:00.013  1239  1239 D KeyguardClockSwitch: Updating clock: 6:18
04-21 18:18:00.111  2404  2435 D         : cannot connect to power hinting service
04-21 18:18:00.107  2404  2404 I RenderThread: type=1400 audit(0.0:386): avc: denied { write } for name="phsd" dev="tmpfs" ino=7107 scontext=u:r:priv_app:s0:c512,c768 tcontext=u:object_r:socket_device:s0 tclass=sock_file permissive=1 app=com.android.launcher3
04-21 18:18:03.400   491   533 I PowerManagerService: Going to sleep due to timeout (uid 1000)...
04-21 18:18:03.401   491   491 W UsageStatsService: Event reported without a package name, eventType:16
04-21 18:18:03.402   491   533 I DreamManagerService: Entering dreamland.
04-21 18:18:03.405   491   533 I PowerManagerService: Dozing...
04-21 18:18:03.407   491   511 I DreamController: Starting dream: name=ComponentInfo{com.android.systemui/com.android.systemui.doze.DozeService}, isTest=false, canDoze=true, userId=0
04-21 18:18:03.409  1239  1239 V StatusBar: mStatusBarWindow: com.android.systemui.statusbar.phone.StatusBarWindowView{8ec8080 V.E...... ........ 0,0-1536,49} canPanelBeCollapsed(): false
04-21 18:18:03.421  1572  1572 I GoogleInputMethodService: GoogleInputMethodService.onFinishInput():3341 
04-21 18:18:03.424  1572  1572 I GoogleInputMethodService: GoogleInputMethodService.onStartInput():1906 
04-21 18:18:03.439   491   511 D AutofillManagerService: Close system dialogs
04-21 18:18:03.455   239   312 D AF::TrackHandle: OpPlayAudio: track:56 usage:13 not muted
04-21 18:18:03.458  1239  1386 W AudioTrack: createTrack_l(0): AUDIO_OUTPUT_FLAG_FAST denied by server; frameCount 0 -> 9989
04-21 18:18:03.500   491   533 I DisplayPowerController: Blocking screen off
04-21 18:18:03.501   491   533 I DisplayPowerController: Unblocked screen off after 1 ms
04-21 18:18:03.503   491   533 D ActivityTaskManager: Top Process State changed to PROCESS_STATE_TOP_SLEEPING
04-21 18:18:03.503   491   524 E KernelCpuUidFreqTimeReader: Failed to read /proc/uid_time_in_state: java.nio.file.NoSuchFileException: /proc/uid_time_in_state
04-21 18:18:03.507   491   524 W KernelCpuProcStringReader: File not found. It's normal if not implemented: /proc/uid_time_in_state
04-21 18:18:03.508   491   524 W KernelCpuProcStringReader: File not found. It's normal if not implemented: /proc/uid_concurrent_active_time
04-21 18:18:03.508   491   524 W KernelCpuProcStringReader: File not found. It's normal if not implemented: /proc/uid_concurrent_policy_time
04-21 18:18:03.517   491   533 V DisplayPowerController: Brightness [0] reason changing to: 'screen_off', previous reason: 'manual [ dim ]'.
04-21 18:18:03.524   228   228 I health@2.0-serv: type=1400 audit(0.0:387): avc: denied { read } for scontext=u:r:init:s0 tcontext=u:r:init:s0 tclass=netlink_kobject_uevent_socket permissive=1
04-21 18:18:03.527   243   243 D SurfaceFlinger: Setting power mode 0 on display 0
04-21 18:18:03.528   243   243 D hwcomposer: hwc_blank: display 0: blank
04-21 18:18:03.529   243   243 D hwcomposer: hwc_blank_display: display 0: [0 -> 1]
04-21 18:18:03.529   243   243 D hwcomposer: dc_blank: display 0, [0 -> 1]
04-21 18:18:03.531   491   514 I DisplayManagerService: Display device changed state: "Built-in Screen", OFF
04-21 18:18:03.544   491   515 W LocalDisplayAdapter: Unable to find color mode 0, ignoring request.
04-21 18:18:03.581  1239  1239 D StatusBar: updateQsExpansionEnabled - QS Expand enabled: false
04-21 18:18:03.631  1239  1239 D StatusBar: updateQsExpansionEnabled - QS Expand enabled: false
04-21 18:18:03.642  1239  1239 D StatusBar: disable<e i A s b h r c S > disable2<q i n >
04-21 18:18:03.644  1239  1239 I chatty  : uid=10099(com.android.systemui) identical 1 line
04-21 18:18:03.651  1239  1239 D StatusBar: disable<e i A s b h r c S > disable2<q i n >
04-21 18:18:03.652  1239  1239 D KeyguardUpdateMonitor: onKeyguardVisibilityChanged(false)
04-21 18:18:03.656  1239  1239 D StatusBar: updateQsExpansionEnabled - QS Expand enabled: false
04-21 18:18:03.818  1239  1239 D StatusBar: disable<e i A s b h r c S > disable2<q i n >
04-21 18:18:03.819  1239  1239 D StatusBar: disable<e i A s b h r c S > disable2<q i n >
04-21 18:18:03.821  1239  1239 D ImageWallpaper: wallpaper visibility changes to: false
04-21 18:18:03.840   243   243 I ImageManager: type=1400 audit(0.0:388): avc: denied { ioctl } for path="/dev/nvhost-as-gpu" dev="tmpfs" ino=6343 ioctlcmd=4105 scontext=u:r:surfaceflinger:s0 tcontext=u:object_r:device:s0 tclass=chr_file permissive=1
04-21 18:18:03.846  1239  1239 I RenderThread: type=1400 audit(0.0:389): avc: denied { read write } for name="nvhost-vic" dev="tmpfs" ino=11202 scontext=u:r:platform_app:s0:c512,c768 tcontext=u:object_r:device:s0 tclass=chr_file permissive=1 app=com.android.systemui
04-21 18:18:03.847  1239  1239 I RenderThread: type=1400 audit(0.0:390): avc: denied { open } for path="/dev/nvhost-vic" dev="tmpfs" ino=11202 scontext=u:r:platform_app:s0:c512,c768 tcontext=u:object_r:device:s0 tclass=chr_file permissive=1 app=com.android.systemui
04-21 18:18:03.872  1239  1239 W View    : requestLayout() improperly called by com.android.systemui.statusbar.notification.stack.NotificationStackScrollLayout{29d13c0 I.ED..... ......ID 344,0-1192,1983 #7f0a02b8 app:id/notification_stack_scroller} during layout: running second layout pass
04-21 18:18:03.872  1239  1239 W View    : requestLayout() improperly called by com.android.keyguard.CarrierText{57e9e85 V.ED..... ......ID 49,0-1407,122 #7f0a01e5 app:id/keyguard_carrier_text} during layout: running second layout pass
04-21 18:18:03.904  1239  1255 I ndroid.systemu: NativeAlloc concurrent copying GC freed 5469(427KB) AllocSpace objects, 2(104KB) LOS objects, 27% free, 5368KB/7416KB, paused 171us total 111.348ms
04-21 18:18:03.943   243   243 D SurfaceFlinger: Finished setting power mode 0 on display 0
04-21 18:18:03.943   491  1208 D SurfaceControl: Excessive delay in setPowerMode()
04-21 18:18:03.945   191   196 I /system/bin/hw/android.system.suspend@1.0-service: automatic system suspend enabled
04-21 18:18:03.946   232   232 I android.hardware.power@1.0-service.mocha: power_set_interactive
04-21 18:18:03.952   239  1190 W tinyhal : adev_set_parameters 'screen_state=on'
04-21 18:18:03.601   491   515 W LocalDisplayAdapter: Unable to find color mode 0, ignoring request.
04-21 18:18:03.960   491   514 W UsageStatsService: Event reported without a package name, eventType:17
04-21 18:18:03.962  1239  1239 D StatusBar: disable<e i A s b h r c S > disable2<q i n >
04-21 18:18:03.971   289   289 W wificond: Failed to get NL80211_ATTR_EXT_FEATURES
04-21 18:18:03.964  1239  1239 I chatty  : uid=10099(com.android.systemui) identical 2 lines
04-21 18:18:03.964  1239  1239 D StatusBar: disable<e i A s b h r c S > disable2<q i n >
04-21 18:18:03.993  1239  1239 D KeyguardUpdateMonitor: onKeyguardVisibilityChanged(true)
04-21 18:18:03.994  1239  1239 D KeyguardClockSwitch: Updating clock: 6:18
04-21 18:18:04.023  1239  1239 D StatusBar: disable<e i A s b H!R!c S > disable2<q i n >
04-21 18:18:04.023  1572  1572 I DeviceStatusMonitor: DeviceStatusMonitor$1.onReceive():57 onReceive() : Action = android.intent.action.SCREEN_ON
04-21 18:18:04.024  1239  1239 D StatusBar: disable<e i A s b H R c S > disable2<q i n >
04-21 18:18:04.024  1572  1572 I DeviceStatusMonitor: DeviceStatusMonitor.updateCountryInfo():117 updateCountryInfo(), notifyAnyway = false
04-21 18:18:04.024  1239  1239 D StatusBar: disable<e i A s b H R c S > disable2<q i n >
04-21 18:18:04.025  1239  1239 D StatusBar: disable<e i A s b H R c S > disable2<q i n >
04-21 18:18:04.036   239   311 W tinyhal : adev_set_parameters 'screen_state=off'
04-21 18:18:04.047  1572  1572 I DeviceStatusMonitor: DeviceStatusMonitor$1.onReceive():57 onReceive() : Action = android.intent.action.SCREEN_OFF
04-21 18:18:04.051  1572  1572 I InputBundle: InputBundle.consumeEvent():960 Skip consuming an event as imeStatus is 0
04-21 18:18:04.054  1572  1572 I DeviceStatusMonitor: DeviceStatusMonitor.updateCountryInfo():117 updateCountryInfo(), notifyAnyway = false
04-21 18:18:04.063  1572  1572 I JobSchedulerImpl: JobSchedulerImpl.schedule():90 Schedule task: PeriodicStats. Success.
04-21 18:18:04.065  1572  1572 W JobInfoUtil: JobInfoUtil.setJobInfo():45 The retry policy will be ignored for idle task: PeriodicTasks.
04-21 18:18:04.065  1572  1572 W JobInfoUtil: JobInfoUtil.setJobInfo():56 The max execution delay will be ignored for periodic task: PeriodicTasks
04-21 18:18:04.066  1572  1572 I JobSchedulerImpl: JobSchedulerImpl.schedule():90 Schedule task: PeriodicTasks. Success.
04-21 18:18:07.052   491   508 D WificondControl: Scan result ready event
04-21 18:18:03.976   289   289 I chatty  : uid=1010(wifi) /system/bin/wificond identical 1 line
04-21 18:18:03.979   289   289 W wificond: Failed to get NL80211_ATTR_EXT_FEATURES
04-21 18:18:08.122   491   618 I PowerManagerService: Waking up from Dozing (uid=1000, reason=WAKE_REASON_POWER_BUTTON, details=android.policy:POWER)...
04-21 18:18:08.123   491   491 W UsageStatsService: Event reported without a package name, eventType:15
04-21 18:18:08.127   232   232 I android.hardware.power@1.0-service.mocha: power_set_interactive
04-21 18:18:08.127   491   533 I DisplayPowerController: Blocking screen on until initial contents have been drawn.
04-21 18:18:08.128   491   524 E KernelCpuUidFreqTimeReader: Failed to read /proc/uid_time_in_state: java.nio.file.NoSuchFileException: /proc/uid_time_in_state
04-21 18:18:08.128   491   533 E SensorManager: sensor or listener is null
04-21 18:18:08.131   491   524 W KernelCpuProcStringReader: File not found. It's normal if not implemented: /proc/uid_time_in_state
04-21 18:18:08.131  1239  1239 D KeyguardClockSwitch: Updating clock: 6:18
04-21 18:18:08.132   491   524 W KernelCpuProcStringReader: File not found. It's normal if not implemented: /proc/uid_concurrent_active_time
04-21 18:18:08.133   491   524 W KernelCpuProcStringReader: File not found. It's normal if not implemented: /proc/uid_concurrent_policy_time
04-21 18:18:08.137   491   533 V DisplayPowerController: Brightness [102] reason changing to: 'manual', previous reason: 'screen_off'.
04-21 18:18:08.142   243   243 D SurfaceFlinger: Setting power mode 2 on display 0
04-21 18:18:08.142   243   243 D hwcomposer: hwc_blank: display 0: unblank
04-21 18:18:08.142   243   243 D hwcomposer: hwc_blank_display: display 0: [1 -> 0]
04-21 18:18:08.142   243   243 D hwcomposer: Display 0 layer clip is 1536 x 2048
04-21 18:18:08.142   243   243 D hwcomposer: Display 0 device clip is 1536 x 2048
04-21 18:18:08.142   243   243 D hwcomposer: dc_blank: display 0, [1 -> 0]
04-21 18:18:08.142   491   514 I DisplayManagerService: Display device changed state: "Built-in Screen", ON
04-21 18:18:08.150   491   515 W LocalDisplayAdapter: Unable to find color mode 0, ignoring request.
04-21 18:18:08.162   239  1189 W tinyhal : adev_set_parameters 'screen_state=on'
04-21 18:18:08.185  1239  1239 D StatusBar: disable<e i A s b H R c S > disable2<q i n >
04-21 18:18:08.186  1239  1239 D StatusBar: disable<e i A s b H R c S > disable2<q i n >
04-21 18:18:08.191  1239  1239 D StatusBar: updateQsExpansionEnabled - QS Expand enabled: true
04-21 18:18:08.219  1239  1239 D StatusBar: updateQsExpansionEnabled - QS Expand enabled: true
04-21 18:18:08.231  1572  1572 I DeviceStatusMonitor: DeviceStatusMonitor$1.onReceive():57 onReceive() : Action = android.intent.action.SCREEN_ON
04-21 18:18:08.231  1572  1572 I DeviceStatusMonitor: DeviceStatusMonitor.updateCountryInfo():117 updateCountryInfo(), notifyAnyway = false
04-21 18:18:08.321  1239  1239 D KeyguardClockSwitch: Updating clock: 6:18
04-21 18:18:08.322   491   533 I DisplayPowerController: Unblocked screen on after 196 ms
04-21 18:18:08.326   491   618 D WindowManager: powerPress: eventTime=161415 interactive=true count=1 beganFromNonInteractive=true mShortPressOnPowerBehavior=1
04-21 18:18:08.327  1239  1239 D ImageWallpaper: wallpaper visibility changes to: true
04-21 18:18:08.603   243   243 D SurfaceFlinger: Finished setting power mode 2 on display 0
04-21 18:18:08.603   491  1208 D SurfaceControl: Excessive delay in setPowerMode()
04-21 18:18:08.604   491   533 W PowerManagerService: Screen on took 485 ms
04-21 18:18:08.604   491   533 I DreamManagerService: Gently waking up from dream.
04-21 18:18:08.604   491   511 I DreamManagerService: Performing gentle wake from dream.
04-21 18:18:08.605   491  1870 I DreamManagerService: Leaving dreamland.
04-21 18:18:08.606   491   511 I DreamManagerService: Performing gentle wake from dream.
04-21 18:18:08.606   491   511 I DreamController: Stopping dream: name=ComponentInfo{com.android.systemui/com.android.systemui.doze.DozeService}, isTest=false, canDoze=true, userId=0
04-21 18:18:08.608   491   491 W AlarmManager: Unrecognized alarm listener com.android.server.job.controllers.idle.-$$Lambda$DeviceIdlenessTracker$-H1-ZwZAJ-vh10A0PeYXaZLj_R0@839191b
04-21 18:18:09.213   491  1447 D ActivityTaskManager: Top Process State changed to PROCESS_STATE_TOP
04-21 18:18:09.219  1239  1239 D StatusBar: disable<e i A s b H R c S > disable2<q i n >
04-21 18:18:09.219   491  1447 W LocalDisplayAdapter: Unable to find color mode 0, ignoring request.
04-21 18:18:09.239   491  1871 W ActivityManager: Unable to start service Intent { act=com.android.launcher3.WINDOW_OVERLAY dat=app://com.android.launcher3:10091?v=9&cv=14 pkg=com.google.android.googlequicksearchbox } U=0: not found
04-21 18:18:09.303  1239  1239 D StatusBar: disable<e i A s b H R c S > disable2<q i n >
04-21 18:18:09.309  1239  1239 D StatusBar: updateQsExpansionEnabled - QS Expand enabled: true
04-21 18:18:09.316   239   312 D AF::TrackHandle: OpPlayAudio: track:57 usage:13 not muted
04-21 18:18:09.317  1239  1386 W AudioTrack: createTrack_l(0): AUDIO_OUTPUT_FLAG_FAST denied by server; frameCount 0 -> 8329
04-21 18:18:09.344  1239  1239 D KeyguardUpdateMonitor: onKeyguardVisibilityChanged(false)
04-21 18:18:09.350   491   514 W UsageStatsService: Event reported without a package name, eventType:18
04-21 18:18:09.371  1572  1572 I GoogleInputMethodService: GoogleInputMethodService.onFinishInput():3341 
04-21 18:18:09.372  1572  1572 I GoogleInputMethodService: GoogleInputMethodService.onStartInput():1906 
04-21 18:18:09.397  1239  1239 D StatusBar: disable<e i A s b h!r!c S > disable2<q i n >
04-21 18:18:09.993   491   491 I InputDispatcher: type=1400 audit(0.0:394): avc: denied { call } for scontext=u:r:system_server:s0 tcontext=u:r:init:s0 tclass=binder permissive=1
04-21 18:18:10.296  2404  2435 D         : cannot connect to power hinting service
04-21 18:18:10.339  1239  1356 D ImageWallpaper: finishRendering, preserve=false
04-21 18:18:11.237   491  1334 I ActivityTaskManager: START u0 {act=android.intent.action.MAIN cat=[android.intent.category.LAUNCHER] flg=0x10200000 cmp=com.android.settings/.Settings bnds=[56,795][341,1105]} from uid 10091
04-21 18:18:11.262  1520  1520 W ActivityThread: handleWindowVisibility: no activity for token android.os.BinderProxy@9d664f6
04-21 18:18:11.269   491   515 E system_server: Invalid ID 0x00000000.
04-21 18:18:11.291   491   491 I android.anim: type=1400 audit(0.0:395): avc: denied { ioctl } for path="/dev/nvmap" dev="tmpfs" ino=11234 ioctlcmd=4e10 scontext=u:r:system_server:s0 tcontext=u:object_r:device:s0 tclass=chr_file permissive=1
04-21 18:18:11.349  1239  1239 D ImageWallpaper: wallpaper visibility changes to: false
04-21 18:18:11.478  1520  1520 D PrefCtrlListHelper: Could not find Context-only controller for pref: com.android.settings.network.TopLevelNetworkEntryPreferenceController
04-21 18:18:11.489  1520  1520 D PrefCtrlListHelper: Could not find Context-only controller for pref: com.android.settings.connecteddevice.TopLevelConnectedDevicesPreferenceController
04-21 18:18:11.490  1520  1520 D PrefCtrlListHelper: Could not find Context-only controller for pref: com.android.settings.fuelgauge.TopLevelBatteryPreferenceController
04-21 18:18:11.492  1520  1520 D PrefCtrlListHelper: Could not find Context-only controller for pref: com.android.settings.display.TopLevelDisplayPreferenceController
04-21 18:18:11.493  1520  1520 D PrefCtrlListHelper: Could not find Context-only controller for pref: com.android.settings.deviceinfo.TopLevelStoragePreferenceController
04-21 18:18:11.495  1520  1520 D PrefCtrlListHelper: Could not find Context-only controller for pref: com.android.settings.location.TopLevelLocationPreferenceController
04-21 18:18:11.496  1520  1520 D PrefCtrlListHelper: Could not find Context-only controller for pref: com.android.settings.security.TopLevelSecurityEntryPreferenceController
04-21 18:18:11.497  1520  1520 D PrefCtrlListHelper: Could not find Context-only controller for pref: com.android.settings.accounts.TopLevelAccountEntryPreferenceController
04-21 18:18:11.498  1520  1520 D PrefCtrlListHelper: Could not find Context-only controller for pref: com.android.settings.accessibility.TopLevelAccessibilityPreferenceController
04-21 18:18:11.498  1520  1520 D PrefCtrlListHelper: Could not find Context-only controller for pref: com.android.settings.deviceinfo.aboutphone.TopLevelAboutDevicePreferenceController
04-21 18:18:11.499  1520  1520 D PrefCtrlListHelper: Could not find Context-only controller for pref: com.android.settings.support.SupportPreferenceController
04-21 18:18:11.534  1520  1520 W InstrumentedPrefFrag: Screen title missing for fragment com.android.settings.homepage.TopLevelSettings
04-21 18:18:11.544  1520  1520 D TopLevelSettings: NO dashboard tiles for TopLevelSettings
04-21 18:18:11.544  1520  1520 D TopLevelSettings: All preferences added, reporting fully drawn
04-21 18:18:11.545   491   519 I ActivityTaskManager: Fully drawn com.android.settings/.Settings: +309ms
04-21 18:18:11.579  1520  1520 D AvatarViewMixin: Feature disabled by config. Skipping
04-21 18:18:11.591   491   524 E BatteryExternalStatsWorker: no controller energy info supplied for bluetooth
04-21 18:18:11.593  1520  1520 V NFC     : this device does not have NFC support
04-21 18:18:11.593  1473  1473 E PhoneInterfaceManager: [PhoneIntfMgr] queryModemActivityInfo: Empty response
04-21 18:18:11.599   491   524 W BatteryExternalStatsWorker: modem info is invalid: ModemActivityInfo{ mTimestamp=0 mSleepTimeMs=0 mIdleTimeMs=0 mTxTimeMs[]=[0, 0, 0, 0, 0] mRxTimeMs=0 mEnergyUsed=0}
04-21 18:18:11.610   491   524 E BatteryExternalStatsWorker: no controller energy info supplied for bluetooth
04-21 18:18:11.615   491   524 W BatteryExternalStatsWorker: modem info is invalid: ModemActivityInfo{ mTimestamp=0 mSleepTimeMs=0 mIdleTimeMs=0 mTxTimeMs[]=[0, 0, 0, 0, 0] mRxTimeMs=0 mEnergyUsed=0}
04-21 18:18:11.611  1473  1473 E PhoneInterfaceManager: [PhoneIntfMgr] queryModemActivityInfo: Empty response
04-21 18:18:11.624  1520  1550 D BatteryInfo: time for getStats: 50ms
04-21 18:18:11.629  1520  1550 D BatteryInfo: time for regular BatteryInfo: 5ms
04-21 18:18:11.630  1520  1550 D BatteryInfo: time for getBatteryInfo: 1ms
04-21 18:18:11.644   491   524 E BatteryExternalStatsWorker: no controller energy info supplied for bluetooth
04-21 18:18:11.645  1473  1473 E PhoneInterfaceManager: [PhoneIntfMgr] queryModemActivityInfo: Empty response
04-21 18:18:11.650   491   524 W BatteryExternalStatsWorker: modem info is invalid: ModemActivityInfo{ mTimestamp=0 mSleepTimeMs=0 mIdleTimeMs=0 mTxTimeMs[]=[0, 0, 0, 0, 0] mRxTimeMs=0 mEnergyUsed=0}
04-21 18:18:11.657  1520  2715 D BatteryTipLoader: BatteryInfoLoader post query: 2ms
04-21 18:18:11.658  1520  2715 D BatteryInfo: time for getBatteryInfo: 1ms
04-21 18:18:11.658  1520  2715 D BatteryTipLoader: BatteryInfoLoader.loadInBackground: 3ms
04-21 18:18:11.682  1520  2717 D BatteryTipLoader: BatteryInfoLoader post query: 1ms
04-21 18:18:11.683  1520  2717 D BatteryInfo: time for getBatteryInfo: 1ms
04-21 18:18:11.684  1520  2717 D BatteryTipLoader: BatteryInfoLoader.loadInBackground: 2ms
04-21 18:18:11.697  1520  2715 I BatteryDatabaseHelper: Bootstrapped database
04-21 18:18:11.839  1520  1520 I RenderThread: type=1400 audit(0.0:396): avc: denied { read write } for name="nvhost-vic" dev="tmpfs" ino=11202 scontext=u:r:system_app:s0 tcontext=u:object_r:device:s0 tclass=chr_file permissive=1
04-21 18:18:11.840  1520  1520 I RenderThread: type=1400 audit(0.0:399): avc: denied { read } for name="num_pts" dev="sysfs" ino=5180 scontext=u:r:system_app:s0 tcontext=u:object_r:sysfs:s0 tclass=file permissive=1
04-21 18:18:11.840  1520  1520 I RenderThread: type=1400 audit(0.0:400): avc: denied { open } for path="/sys/devices/platform/host1x/capabilities/num_pts" dev="sysfs" ino=5180 scontext=u:r:system_app:s0 tcontext=u:object_r:sysfs:s0 tclass=file permissive=1
04-21 18:18:11.990  1520  1520 D BatteryInfo: time for callback: 1ms
04-21 18:18:12.018   491   519 I ActivityTaskManager: Displayed com.android.settings/.Settings: +757ms
04-21 18:18:12.046  1572  1572 I GoogleInputMethodService: GoogleInputMethodService.onFinishInput():3341 
04-21 18:18:12.048  1572  1572 I GoogleInputMethodService: GoogleInputMethodService.onStartInput():1906 
04-21 18:18:13.089   491  1301 I ActivityTaskManager: START u0 {act=android.intent.action.MAIN cmp=com.android.settings/.SubSettings (has extras)} from uid 1000
04-21 18:18:13.109  1520  1520 W ActivityThread: handleWindowVisibility: no activity for token android.os.BinderProxy@fdac07f
04-21 18:18:13.127  1520  1520 D SettingsActivity: Starting onCreate
04-21 18:18:13.171  1520  1520 D SettingsActivity: Starting to set activity title
04-21 18:18:13.171  1520  1520 D SettingsActivity: Done setting title
04-21 18:18:13.171  1520  1520 D SettingsActivity: Switching to fragment com.android.settings.connecteddevice.ConnectedDeviceDashboardFragment
04-21 18:18:13.171  1520  1520 D SubSettings: Launching fragment com.android.settings.connecteddevice.ConnectedDeviceDashboardFragment
04-21 18:18:13.188  1520  1520 D LocalBluetoothProfileManager: LocalBluetoothProfileManager construction complete
04-21 18:18:13.188  1520  1520 D LocalBluetoothProfileManager: Adding local A2DP profile
04-21 18:18:13.191  1520  1520 D BluetoothA2dp: Binding service...
04-21 18:18:13.194  1520  1520 D LocalBluetoothProfileManager: Adding local HEADSET profile
04-21 18:18:13.197  1520  1520 D LocalBluetoothProfileManager: Adding local MAP profile
04-21 18:18:13.198  1520  1520 D BluetoothMap: Create BluetoothMap proxy object
04-21 18:18:13.199  1520  1520 D BluetoothMap: Binding service...
04-21 18:18:13.201  1520  1520 D LocalBluetoothProfileManager: Adding local OPP profile
04-21 18:18:13.202  1520  1520 D LocalBluetoothProfileManager: Adding local HID_HOST profile
04-21 18:18:13.203  1520  1520 D BluetoothHidHost: Binding service...
04-21 18:18:13.206  1520  1520 D LocalBluetoothProfileManager: Adding local HID_DEVICE profile
04-21 18:18:13.208  1520  1520 D BluetoothHidDevice: Binding service...
04-21 18:18:13.210  1520  1520 D LocalBluetoothProfileManager: Adding local PAN profile
04-21 18:18:13.212  1520  1520 D BluetoothPan: Binding service...
04-21 18:18:13.215  1520  1520 D LocalBluetoothProfileManager: Adding local PBAP profile
04-21 18:18:13.225  1520  1520 D PrefCtrlListHelper: Could not find Context-only controller for pref: com.android.settings.slices.SlicePreferenceController
04-21 18:18:13.229  1520  1520 D PrefCtrlListHelper: Could not find Context-only controller for pref: com.android.settings.connecteddevice.AddDevicePreferenceController
04-21 18:18:13.229  1520  1520 D PrefCtrlListHelper: Could not find Context-only controller for pref: com.android.settings.connecteddevice.PreviouslyConnectedDevicePreferenceController
04-21 18:18:13.230  1520  1520 D PrefCtrlListHelper: Could not find Context-only controller for pref: com.android.settings.connecteddevice.AdvancedConnectedDeviceController
04-21 18:18:13.297  1520  1538 D BluetoothHeadset: Proxy object connected
04-21 18:18:13.314  1520  1520 D ConnectedDeviceFrag: NO dashboard tiles for ConnectedDeviceFrag
04-21 18:18:13.314  1520  1520 D ConnectedDeviceFrag: All preferences added, reporting fully drawn
04-21 18:18:13.315   491   519 I ActivityTaskManager: Fully drawn com.android.settings/.SubSettings: +225ms
04-21 18:18:13.317  1520  1520 D SettingsActivity: Executed frag manager pendingTransactions
04-21 18:18:13.346  1520  1520 E ActivityThread: Failed to find provider info for com.google.android.gms.nearby.fastpair
04-21 18:18:13.346  1520  1520 D LocalBluetoothManager: setting foreground activity to non-null context
04-21 18:18:13.346  1520  1550 E ActivityThread: Failed to find provider info for com.google.android.gms.nearby.fastpair
04-21 18:18:13.346  1520  1550 W SliceManager: Unknown URI: content://com.google.android.gms.nearby.fastpair/device_status_list_item
04-21 18:18:13.347  1520  1520 D LocalBluetoothManager: setting foreground activity to non-null context
04-21 18:18:13.348  1520  1520 I chatty  : uid=1000(system) com.android.settings identical 1 line
04-21 18:18:13.350  1520  1520 D LocalBluetoothManager: setting foreground activity to non-null context
04-21 18:18:13.363  1520  1550 W TileUtils: Found com.android.settings.Settings$DataUsageSummaryActivity for intent Intent { act=com.android.settings.action.SETTINGS pkg=com.android.settings } missing metadata com.android.settings.category
04-21 18:18:13.366  1219  1328 D AdapterProperties: Discoverable Timeout:120
04-21 18:18:13.368  1219  1328 D AdapterProperties: Scan Mode:23
04-21 18:18:13.389  1520  2723 D SettingsActivity: No enabled state changed, skipping updateCategory call
04-21 18:18:13.390  1520  1520 D BluetoothA2dp: Proxy object connected
04-21 18:18:13.395  1520  1520 D BluetoothMap: Proxy object connected
04-21 18:18:13.395  1520  1520 D BluetoothMap: getConnectedDevices()
04-21 18:18:13.398  1520  1520 D BluetoothHidHost: Proxy object connected
04-21 18:18:13.401  1520  1520 D BluetoothHidDevice: Proxy object connected
04-21 18:18:13.403  1520  1520 D BluetoothPan: Proxy object connected
04-21 18:18:13.556  1572  1572 I GoogleInputMethodService: GoogleInputMethodService.onFinishInput():3341 
04-21 18:18:13.557  1572  1572 I GoogleInputMethodService: GoogleInputMethodService.onStartInput():1906 
04-21 18:18:14.838   491  1735 E TaskPersister: File error accessing recents directory (directory doesn't exist?).
04-21 18:18:14.960   491  1301 I ActivityTaskManager: START u0 {act=android.intent.action.MAIN cmp=com.android.settings/.SubSettings (has extras)} from uid 1000
04-21 18:18:14.977  1219  1328 D AdapterProperties: Discoverable Timeout:120
04-21 18:18:14.979  1219  1328 D AdapterProperties: Scan Mode:21
04-21 18:18:14.994  1520  1520 W ActivityThread: handleWindowVisibility: no activity for token android.os.BinderProxy@1444038
04-21 18:18:14.999   491   504 I system_server: Background concurrent copying GC freed 25113(1503KB) AllocSpace objects, 15(644KB) LOS objects, 24% free, 7950KB/10MB, paused 130us total 162.145ms
04-21 18:18:15.009  1520  1520 D SettingsActivity: Starting onCreate
04-21 18:18:15.051  1520  1520 D SettingsActivity: Starting to set activity title
04-21 18:18:15.051  1520  1520 D SettingsActivity: Done setting title
04-21 18:18:15.051  1520  1520 D SettingsActivity: Switching to fragment com.android.settings.bluetooth.BluetoothPairingDetail
04-21 18:18:15.051  1520  1520 D SubSettings: Launching fragment com.android.settings.bluetooth.BluetoothPairingDetail
04-21 18:18:15.061  1520  1520 D PrefCtrlListHelper: Could not find Context-only controller for pref: com.android.settings.bluetooth.BluetoothDeviceRenamePreferenceController
04-21 18:18:15.067  1520  1520 D BluetoothPairingDetail: NO dashboard tiles for BluetoothPairingDetail
04-21 18:18:15.067  1520  1520 D BluetoothPairingDetail: All preferences added, reporting fully drawn
04-21 18:18:15.069   491   519 I ActivityTaskManager: Fully drawn com.android.settings/.SubSettings: +108ms
04-21 18:18:15.072  1520  1520 D SettingsActivity: Executed frag manager pendingTransactions
04-21 18:18:15.094  1520  1520 D LocalBluetoothManager: setting foreground activity to non-null context
04-21 18:18:15.096  1520  1520 D BluetoothAdapter: enable(): BT already enabled!
04-21 18:18:15.103  1219  1328 D AdapterProperties: Discoverable Timeout:120
04-21 18:18:15.104  1219  1328 D AdapterProperties: Scan Mode:23
04-21 18:18:15.107  1219  1236 D BluetoothAdapterService: startDiscovery
04-21 18:18:15.110  1219  1611 E bt_btif : bte_scan_filt_param_cfg_evt, 1
04-21 18:18:15.110  1219  1611 E bt_btif : bte_scan_filt_param_cfg_evt, 1
04-21 18:18:15.110  1219  1611 W bt_btif : bta_dm_check_av:0
04-21 18:18:15.123  1520  2723 W TileUtils: Found com.android.settings.Settings$DataUsageSummaryActivity for intent Intent { act=com.android.settings.action.SETTINGS pkg=com.android.settings } missing metadata com.android.settings.category
04-21 18:18:15.143  1520  1550 D SettingsActivity: No enabled state changed, skipping updateCategory call
04-21 18:18:15.223  1572  1572 I GoogleInputMethodService: GoogleInputMethodService.onFinishInput():3341 
04-21 18:18:15.225  1572  1572 I GoogleInputMethodService: GoogleInputMethodService.onStartInput():1906 
04-21 18:18:15.416  1219  1236 E BluetoothDatabase: getCustomMeta: device 0B:59:7E:84:C5:B0 is not in cache
04-21 18:18:15.419  1520  1520 D AdaptiveHomepageIcon: Setting background color -1453315
04-21 18:18:15.425  1520  1520 D BluetoothEventManager: DeviceFoundHandler created new CachedBluetoothDevice: 0B:59:7E:84:C5:B0
04-21 18:18:15.431  1219  1545 E BluetoothDatabase: getCustomMeta: device 0B:59:7E:84:C5:B0 is not in cache
04-21 18:18:15.431  1520  1520 D AdaptiveHomepageIcon: Setting background color -1453315
04-21 18:18:15.442  1219  1236 E BluetoothDatabase: getCustomMeta: device 0B:59:7E:84:C5:B0 is not in cache
04-21 18:18:15.443  1520  1520 D AdaptiveHomepageIcon: Setting background color -1453315
04-21 18:18:15.477  1219  1237 E BluetoothDatabase: getCustomMeta: device 28:3C:90:8C:E4:A5 is not in cache
04-21 18:18:15.478  1520  1520 D AdaptiveHomepageIcon: Setting background color -69693
04-21 18:18:15.483  1520  1520 D BluetoothEventManager: DeviceFoundHandler created new CachedBluetoothDevice: 28:3C:90:8C:E4:A5
04-21 18:18:15.489  1219  1236 E BluetoothDatabase: getCustomMeta: device 28:3C:90:8C:E4:A5 is not in cache
04-21 18:18:15.491  1520  1520 D AdaptiveHomepageIcon: Setting background color -69693
04-21 18:18:15.500  1219  1237 E BluetoothDatabase: getCustomMeta: device 28:3C:90:8C:E4:A5 is not in cache
04-21 18:18:15.501  1520  1520 D AdaptiveHomepageIcon: Setting background color -69693
04-21 18:18:15.552  1219  1236 E BluetoothDatabase: getCustomMeta: device E4:6F:64:7E:FB:8E is not in cache
04-21 18:18:15.553  1520  1520 D AdaptiveHomepageIcon: Setting background color -3216682
04-21 18:18:15.561  1520  1520 D BluetoothEventManager: DeviceFoundHandler created new CachedBluetoothDevice: E4:6F:64:7E:FB:8E
04-21 18:18:15.567  1219  1545 E BluetoothDatabase: getCustomMeta: device E4:6F:64:7E:FB:8E is not in cache
04-21 18:18:15.568  1520  1520 D AdaptiveHomepageIcon: Setting background color -3216682
04-21 18:18:15.579  1219  1545 E BluetoothDatabase: getCustomMeta: device E4:6F:64:7E:FB:8E is not in cache
04-21 18:18:15.580  1520  1520 D AdaptiveHomepageIcon: Setting background color -3216682
04-21 18:18:15.629  1520  1520 D LocalBluetoothManager: setting foreground activity to null
04-21 18:18:16.161  1219  1545 E BluetoothDatabase: getCustomMeta: device CC:13:72:35:61:8D is not in cache
04-21 18:18:16.162  1520  1520 D AdaptiveHomepageIcon: Setting background color -3411720
04-21 18:18:16.169  1520  1520 D BluetoothEventManager: DeviceFoundHandler created new CachedBluetoothDevice: CC:13:72:35:61:8D
04-21 18:18:16.175  1219  1237 E BluetoothDatabase: getCustomMeta: device CC:13:72:35:61:8D is not in cache
04-21 18:18:16.176  1520  1520 D AdaptiveHomepageIcon: Setting background color -3411720
04-21 18:18:16.185  1219  1237 E BluetoothDatabase: getCustomMeta: device CC:13:72:35:61:8D is not in cache
04-21 18:18:16.185  1520  1520 D AdaptiveHomepageIcon: Setting background color -3411720
04-21 18:18:16.199  1219  1236 E BluetoothDatabase: getCustomMeta: device FD:01:3B:B1:FB:90 is not in cache
04-21 18:18:16.199  1520  1520 D AdaptiveHomepageIcon: Setting background color -3216682
04-21 18:18:16.206  1520  1520 D BluetoothEventManager: DeviceFoundHandler created new CachedBluetoothDevice: FD:01:3B:B1:FB:90
04-21 18:18:16.212  1219  1236 E BluetoothDatabase: getCustomMeta: device FD:01:3B:B1:FB:90 is not in cache
04-21 18:18:16.212  1520  1520 D AdaptiveHomepageIcon: Setting background color -3216682
04-21 18:18:16.220  1219  1237 E BluetoothDatabase: getCustomMeta: device FD:01:3B:B1:FB:90 is not in cache
04-21 18:18:16.221  1520  1520 D AdaptiveHomepageIcon: Setting background color -3216682
04-21 18:18:17.241  1219  1237 E BluetoothDatabase: getCustomMeta: device D6:F4:7D:C6:11:64 is not in cache
04-21 18:18:17.243  1520  1520 D AdaptiveHomepageIcon: Setting background color -69693
04-21 18:18:17.254  1520  1520 D BluetoothEventManager: DeviceFoundHandler created new CachedBluetoothDevice: D6:F4:7D:C6:11:64
04-21 18:18:17.263  1219  1237 E BluetoothDatabase: getCustomMeta: device D6:F4:7D:C6:11:64 is not in cache
04-21 18:18:17.264  1520  1520 D AdaptiveHomepageIcon: Setting background color -69693
04-21 18:18:17.278  1219  1237 E BluetoothDatabase: getCustomMeta: device D6:F4:7D:C6:11:64 is not in cache
04-21 18:18:17.279  1520  1520 D AdaptiveHomepageIcon: Setting background color -69693
04-21 18:18:17.573  1219  1545 E BluetoothDatabase: getCustomMeta: device E3:CB:40:5A:34:2D is not in cache
04-21 18:18:17.575  1520  1520 D AdaptiveHomepageIcon: Setting background color -69693
04-21 18:18:17.590  1520  1520 D BluetoothEventManager: DeviceFoundHandler created new CachedBluetoothDevice: E3:CB:40:5A:34:2D
04-21 18:18:17.604  1219  1236 E BluetoothDatabase: getCustomMeta: device E3:CB:40:5A:34:2D is not in cache
04-21 18:18:17.605  1520  1520 D AdaptiveHomepageIcon: Setting background color -69693
04-21 18:18:17.623  1219  1236 E BluetoothDatabase: getCustomMeta: device E3:CB:40:5A:34:2D is not in cache
04-21 18:18:17.624  1520  1520 D AdaptiveHomepageIcon: Setting background color -69693
04-21 18:18:18.501   491  1735 E TaskPersister: File error accessing recents directory (directory doesn't exist?).
04-21 18:18:20.211   491   512 D AutofillManagerService: onBackKeyPressed()
04-21 18:18:20.255  1520  1520 E ActivityThread: Failed to find provider info for com.google.android.gms.nearby.fastpair
04-21 18:18:20.257  1520  1520 D LocalBluetoothManager: setting foreground activity to non-null context
04-21 18:18:20.260  1520  1550 E ActivityThread: Failed to find provider info for com.google.android.gms.nearby.fastpair
04-21 18:18:20.260  1520  1550 W SliceManager: Unknown URI: content://com.google.android.gms.nearby.fastpair/device_status_list_item
04-21 18:18:20.272  1520  1520 D LocalBluetoothManager: setting foreground activity to non-null context
04-21 18:18:20.291  1520  1520 I chatty  : uid=1000(system) com.android.settings identical 1 line
04-21 18:18:20.305  1520  1520 D LocalBluetoothManager: setting foreground activity to non-null context
04-21 18:18:20.323  1520  1550 W TileUtils: Found com.android.settings.Settings$DataUsageSummaryActivity for intent Intent { act=com.android.settings.action.SETTINGS pkg=com.android.settings } missing metadata com.android.settings.category
04-21 18:18:20.341  2404  2417 I droid.launcher: NativeAlloc concurrent copying GC freed 7882(644KB) AllocSpace objects, 6(312KB) LOS objects, 42% free, 2736KB/4784KB, paused 205us total 102.678ms
04-21 18:18:20.346  2404  2419 D StrictMode: StrictMode policy violation: android.os.strictmode.LeakedClosableViolation: A resource was acquired at attached stack trace but never released. See java.io.Closeable for information on avoiding resource leaks.
04-21 18:18:20.346  2404  2419 D StrictMode: 	at android.os.StrictMode$AndroidCloseGuardReporter.report(StrictMode.java:1877)
04-21 18:18:20.346  2404  2419 D StrictMode: 	at dalvik.system.CloseGuard.warnIfOpen(CloseGuard.java:286)
04-21 18:18:20.346  2404  2419 D StrictMode: 	at android.view.SurfaceControl.finalize(SurfaceControl.java:902)
04-21 18:18:20.346  2404  2419 D StrictMode: 	at java.lang.Daemons$FinalizerDaemon.doFinalize(Daemons.java:289)
04-21 18:18:20.346  2404  2419 D StrictMode: 	at java.lang.Daemons$FinalizerDaemon.runInternal(Daemons.java:276)
04-21 18:18:20.346  2404  2419 D StrictMode: 	at java.lang.Daemons$Daemon.run(Daemons.java:137)
04-21 18:18:20.346  2404  2419 D StrictMode: 	at java.lang.Thread.run(Thread.java:919)
04-21 18:18:20.346  2404  2419 D StrictMode: Caused by: java.lang.Throwable: Explicit termination method 'release' not called
04-21 18:18:20.346  2404  2419 D StrictMode: 	at dalvik.system.CloseGuard.open(CloseGuard.java:237)
04-21 18:18:20.346  2404  2419 D StrictMode: 	at android.view.SurfaceControl.<init>(SurfaceControl.java:821)
04-21 18:18:20.346  2404  2419 D StrictMode: 	at android.view.SurfaceControl.<init>(SurfaceControl.java:77)
04-21 18:18:20.346  2404  2419 D StrictMode: 	at android.view.SurfaceControl$1.createFromParcel(SurfaceControl.java:887)
04-21 18:18:20.346  2404  2419 D StrictMode: 	at android.view.SurfaceControl$1.createFromParcel(SurfaceControl.java:885)
04-21 18:18:20.346  2404  2419 D StrictMode: 	at android.os.Parcel.readParcelable(Parcel.java:2974)
04-21 18:18:20.346  2404  2419 D StrictMode: 	at android.view.RemoteAnimationTarget.<init>(RemoteAnimationTarget.java:188)
04-21 18:18:20.346  2404  2419 D StrictMode: 	at android.view.RemoteAnimationTarget$1.createFromParcel(RemoteAnimationTarget.java:261)
04-21 18:18:20.346  2404  2419 D StrictMode: 	at android.view.RemoteAnimationTarget$1.createFromParcel(RemoteAnimationTarget.java:259)
04-21 18:18:20.346  2404  2419 D StrictMode: 	at android.os.Parcel.readTypedObject(Parcel.java:2812)
04-21 18:18:20.346  2404  2419 D StrictMode: 	at android.os.Parcel.createTypedArray(Parcel.java:2773)
04-21 18:18:20.346  2404  2419 D StrictMode: 	at android.view.IRemoteAnimationRunner$Stub.onTransact(IRemoteAnimationRunner.java:103)
04-21 18:18:20.346  2404  2419 D StrictMode: 	at android.os.Binder.execTransactInternal(Binder.java:1021)
04-21 18:18:20.346  2404  2419 D StrictMode: 	at android.os.Binder.execTransact(Binder.java:994)
04-21 18:18:20.375   491   513 I DropBoxManagerService: add tag=system_app_strictmode isTagEnabled=true flags=0x2
04-21 18:18:20.354  2404  2419 D StrictMode: StrictMode policy violation: android.os.strictmode.LeakedClosableViolation: A resource was acquired at attached stack trace but never released. See java.io.Closeable for information on avoiding resource leaks.
04-21 18:18:20.354  2404  2419 D StrictMode: 	at android.os.StrictMode$AndroidCloseGuardReporter.report(StrictMode.java:1877)
04-21 18:18:20.354  2404  2419 D StrictMode: 	at dalvik.system.CloseGuard.warnIfOpen(CloseGuard.java:286)
04-21 18:18:20.354  2404  2419 D StrictMode: 	at android.view.SurfaceControl.finalize(SurfaceControl.java:902)
04-21 18:18:20.354  2404  2419 D StrictMode: 	at java.lang.Daemons$FinalizerDaemon.doFinalize(Daemons.java:289)
04-21 18:18:20.354  2404  2419 D StrictMode: 	at java.lang.Daemons$FinalizerDaemon.runInternal(Daemons.java:276)
04-21 18:18:20.354  2404  2419 D StrictMode: 	at java.lang.Daemons$Daemon.run(Daemons.java:137)
04-21 18:18:20.354  2404  2419 D StrictMode: 	at java.lang.Thread.run(Thread.java:919)
04-21 18:18:20.354  2404  2419 D StrictMode: Caused by: java.lang.Throwable: Explicit termination method 'release' not called
04-21 18:18:20.354  2404  2419 D StrictMode: 	at dalvik.system.CloseGuard.open(CloseGuard.java:237)
04-21 18:18:20.354  2404  2419 D StrictMode: 	at android.view.SurfaceControl.<init>(SurfaceControl.java:821)
04-21 18:18:20.354  2404  2419 D StrictMode: 	at android.view.SurfaceControl.<init>(SurfaceControl.java:77)
04-21 18:18:20.354  2404  2419 D StrictMode: 	at android.view.SurfaceControl$1.createFromParcel(SurfaceControl.java:887)
04-21 18:18:20.354  2404  2419 D StrictMode: 	at android.view.SurfaceControl$1.createFromParcel(SurfaceControl.java:885)
04-21 18:18:20.354  2404  2419 D StrictMode: 	at android.os.Parcel.readParcelable(Parcel.java:2974)
04-21 18:18:20.354  2404  2419 D StrictMode: 	at android.view.RemoteAnimationTarget.<init>(RemoteAnimationTarget.java:188)
04-21 18:18:20.354  2404  2419 D StrictMode: 	at android.view.RemoteAnimationTarget$1.createFromParcel(RemoteAnimationTarget.java:261)
04-21 18:18:20.354  2404  2419 D StrictMode: 	at android.view.RemoteAnimationTarget$1.createFromParcel(RemoteAnimationTarget.java:259)
04-21 18:18:20.354  2404  2419 D StrictMode: 	at android.os.Parcel.readTypedObject(Parcel.java:2812)
04-21 18:18:20.354  2404  2419 D StrictMode: 	at android.os.Parcel.createTypedArray(Parcel.java:2773)
04-21 18:18:20.354  2404  2419 D StrictMode: 	at android.view.IRemoteAnimationRunner$Stub.onTransact(IRemoteAnimationRunner.java:103)
04-21 18:18:20.354  2404  2419 D StrictMode: 	at android.os.Binder.execTransactInternal(Binder.java:1021)
04-21 18:18:20.354  2404  2419 D StrictMode: 	at android.os.Binder.execTransact(Binder.java:994)
04-21 18:18:20.381  1239  1255 I ndroid.systemu: NativeAlloc concurrent copying GC freed 10905(589KB) AllocSpace objects, 2(184KB) LOS objects, 28% free, 5246KB/7294KB, paused 140us total 145.590ms
04-21 18:18:20.392  1520  2730 D SettingsActivity: No enabled state changed, skipping updateCategory call
04-21 18:18:20.409  1572  1572 I GoogleInputMethodService: GoogleInputMethodService.onFinishInput():3341 
04-21 18:18:20.410  1572  1572 I GoogleInputMethodService: GoogleInputMethodService.onStartInput():1906 
04-21 18:18:20.478   491   504 I system_server: NativeAlloc concurrent copying GC freed 9308(737KB) AllocSpace objects, 4(208KB) LOS objects, 24% free, 7838KB/10MB, paused 346us total 192.828ms
04-21 18:18:20.832  1520  1520 D LocalBluetoothManager: setting foreground activity to null
04-21 18:18:20.841  1219  1328 D AdapterProperties: Discoverable Timeout:120
04-21 18:18:20.843  1219  1328 D AdapterProperties: Scan Mode:21
04-21 18:18:20.845  1219  1236 D BluetoothAdapterService: cancelDiscovery
04-21 18:18:20.858  1219  1611 E bt_btif : bte_scan_filt_param_cfg_evt, 1
04-21 18:18:20.880  1219  1328 D AdapterProperties: Discoverable Timeout:120
04-21 18:18:20.882  1219  1328 D AdapterProperties: Scan Mode:23
04-21 18:18:20.379   491   513 I DropBoxManagerService: add tag=system_app_strictmode isTagEnabled=true flags=0x2
04-21 18:18:21.223   491   512 D AutofillManagerService: onBackKeyPressed()
04-21 18:18:21.250  1219  1328 D AdapterProperties: Discoverable Timeout:120
04-21 18:18:21.251  1219  1328 D AdapterProperties: Scan Mode:21
04-21 18:18:21.273  1520  1520 D AvatarViewMixin: Feature disabled by config. Skipping
04-21 18:18:21.282   491   524 E BatteryExternalStatsWorker: no controller energy info supplied for bluetooth
04-21 18:18:21.284  1473  1473 E PhoneInterfaceManager: [PhoneIntfMgr] queryModemActivityInfo: Empty response
04-21 18:18:21.292   491   524 W BatteryExternalStatsWorker: modem info is invalid: ModemActivityInfo{ mTimestamp=0 mSleepTimeMs=0 mIdleTimeMs=0 mTxTimeMs[]=[0, 0, 0, 0, 0] mRxTimeMs=0 mEnergyUsed=0}
04-21 18:18:21.325  1520  2730 D BatteryInfo: time for getStats: 61ms
04-21 18:18:21.326  1520  2730 D BatteryInfo: time for regular BatteryInfo: 1ms
04-21 18:18:21.328  1520  2730 D BatteryInfo: time for getBatteryInfo: 2ms
04-21 18:18:21.330  1473  1473 E PhoneInterfaceManager: [PhoneIntfMgr] queryModemActivityInfo: Empty response
04-21 18:18:21.337   491   524 E BatteryExternalStatsWorker: no controller energy info supplied for bluetooth
04-21 18:18:21.349   491   524 W BatteryExternalStatsWorker: modem info is invalid: ModemActivityInfo{ mTimestamp=0 mSleepTimeMs=0 mIdleTimeMs=0 mTxTimeMs[]=[0, 0, 0, 0, 0] mRxTimeMs=0 mEnergyUsed=0}
04-21 18:18:21.377  1520  1520 D BatteryInfo: time for callback: 0ms
04-21 18:18:21.386  1572  1572 I GoogleInputMethodService: GoogleInputMethodService.onFinishInput():3341 
04-21 18:18:21.388  1572  1572 I GoogleInputMethodService: GoogleInputMethodService.onStartInput():1906 
04-21 18:18:21.390  1239  1255 I ndroid.systemu: NativeAlloc concurrent copying GC freed 747(147KB) AllocSpace objects, 0(0B) LOS objects, 28% free, 5259KB/7307KB, paused 145us total 145.505ms
04-21 18:18:21.397   491   524 E BatteryExternalStatsWorker: no controller energy info supplied for bluetooth
04-21 18:18:21.398  1473  1473 E PhoneInterfaceManager: [PhoneIntfMgr] queryModemActivityInfo: Empty response
04-21 18:18:21.403   491   524 W BatteryExternalStatsWorker: modem info is invalid: ModemActivityInfo{ mTimestamp=0 mSleepTimeMs=0 mIdleTimeMs=0 mTxTimeMs[]=[0, 0, 0, 0, 0] mRxTimeMs=0 mEnergyUsed=0}
04-21 18:18:21.423  1520  2732 D BatteryTipLoader: BatteryInfoLoader post query: 4ms
04-21 18:18:21.423  1520  2732 D BatteryInfo: time for getBatteryInfo: 0ms
04-21 18:18:21.423  1520  2732 D BatteryTipLoader: BatteryInfoLoader.loadInBackground: 4ms
04-21 18:18:21.425  1520  2715 D BatteryTipLoader: BatteryInfoLoader post query: 1ms
04-21 18:18:21.426  1520  2715 D BatteryInfo: time for getBatteryInfo: 0ms
04-21 18:18:21.426  1520  2715 D BatteryTipLoader: BatteryInfoLoader.loadInBackground: 2ms
04-21 18:18:22.289   491   512 D AutofillManagerService: onBackKeyPressed()
04-21 18:18:22.338   491  1447 W ActivityManager: Unable to start service Intent { act=com.android.launcher3.WINDOW_OVERLAY dat=app://com.android.launcher3:10091?v=9&cv=14 pkg=com.google.android.googlequicksearchbox } U=0: not found
04-21 18:18:22.386  2404  2435 D         : cannot connect to power hinting service
04-21 18:18:22.398  1239  1239 D ImageWallpaper: wallpaper visibility changes to: true
04-21 18:18:22.404   243   243 E Layer   : [Surface(name=AppWindowToken{bb86ca7 token=Token{ea6d166 ActivityRecord{d36e5c1 u0 com.android.settings/.Settings t8}}})/@0x62ff94a - animation-leash#0] No local sync point found
04-21 18:18:22.404   243   243 E Layer   : [Surface(name=AppWindowToken{bb86ca7 token=Token{ea6d166 ActivityRecord{d36e5c1 u0 com.android.settings/.Settings t8}}})/@0x62ff94a - animation-leash#0] No local sync point found
04-21 18:18:22.404   243   243 E Layer   : [Surface(name=AppWindowToken{42abec8 token=Token{cfe836b ActivityRecord{1d7b8ba u0 com.android.launcher3/.lineage.LineageLauncher t6}}})/@0x210bf35 - animation-leash#0] No local sync point found
04-21 18:18:22.404   243   243 E Layer   : [Surface(name=AppWindowToken{42abec8 token=Token{cfe836b ActivityRecord{1d7b8ba u0 com.android.launcher3/.lineage.LineageLauncher t6}}})/@0x210bf35 - animation-leash#0] No local sync point found
04-21 18:18:22.417  1572  1572 I GoogleInputMethodService: GoogleInputMethodService.onFinishInput():3341 
04-21 18:18:22.419  1572  1572 I GoogleInputMethodService: GoogleInputMethodService.onStartInput():1906 
04-21 18:18:22.454   243   243 E Layer   : [Surface(name=AppWindowToken{42abec8 token=Token{cfe836b ActivityRecord{1d7b8ba u0 com.android.launcher3/.lineage.LineageLauncher t6}}})/@0x210bf35 - animation-leash#0] No local sync point found
04-21 18:18:22.454   243   243 E Layer   : [Surface(name=AppWindowToken{42abec8 token=Token{cfe836b ActivityRecord{1d7b8ba u0 com.android.launcher3/.lineage.LineageLauncher t6}}})/@0x210bf35 - animation-leash#0] No local sync point found
04-21 18:18:22.454   243   243 E Layer   : [Surface(name=AppWindowToken{bb86ca7 token=Token{ea6d166 ActivityRecord{d36e5c1 u0 com.android.settings/.Settings t8}}})/@0x62ff94a - animation-leash#0] No local sync point found
04-21 18:18:22.454   243   243 E Layer   : [Surface(name=AppWindowToken{bb86ca7 token=Token{ea6d166 ActivityRecord{d36e5c1 u0 com.android.settings/.Settings t8}}})/@0x62ff94a - animation-leash#0] No local sync point found
04-21 18:18:22.463  2404  2417 I droid.launcher: NativeAlloc concurrent copying GC freed 2296(248KB) AllocSpace objects, 0(0B) LOS objects, 41% free, 2857KB/4905KB, paused 137us total 146.115ms
04-21 18:18:22.562  1239  1255 I ndroid.systemu: NativeAlloc concurrent copying GC freed 530(127KB) AllocSpace objects, 0(0B) LOS objects, 28% free, 5243KB/7291KB, paused 156us total 243.875ms
04-21 18:18:22.606   491   504 I system_server: NativeAlloc concurrent copying GC freed 16840(965KB) AllocSpace objects, 10(416KB) LOS objects, 24% free, 7579KB/10039KB, paused 246us total 217.776ms
04-21 18:18:23.267   491   512 D AutofillManagerService: onBackKeyPressed()
04-21 18:18:23.967   289   289 W wificond: Failed to get NL80211_ATTR_EXT_FEATURES
04-21 18:18:23.970   289   289 I chatty  : uid=1010(wifi) /system/bin/wificond identical 1 line
04-21 18:18:23.973   289   289 W wificond: Failed to get NL80211_ATTR_EXT_FEATURES
04-21 18:18:25.000   491  1735 E TaskPersister: File error accessing recents directory (directory doesn't exist?).
04-21 18:18:25.709   491   512 D AutofillManagerService: onBackKeyPressed()
04-21 18:18:26.271   491   511 D AutofillManagerService: Close system dialogs
04-21 18:18:26.272  1239  1239 V StatusBar: mStatusBarWindow: com.android.systemui.statusbar.phone.StatusBarWindowView{8ec8080 V.E...... ........ 0,0-1536,49} canPanelBeCollapsed(): false
04-21 18:18:26.272   491   512 I ActivityTaskManager: START u0 {act=android.intent.action.MAIN cat=[android.intent.category.HOME] flg=0x10000100 cmp=com.android.launcher3/.lineage.LineageLauncher (has extras)} from uid 0
04-21 18:18:26.281   491   511 D AutofillManagerService: Close system dialogs
04-21 18:18:26.283  1239  1239 I chatty  : uid=10099(com.android.systemui) identical 1 line
04-21 18:18:26.815  1239  1239 V StatusBar: mStatusBarWindow: com.android.systemui.statusbar.phone.StatusBarWindowView{8ec8080 V.E...... ........ 0,0-1536,49} canPanelBeCollapsed(): false
04-21 18:18:26.887   168   168 I hwservicemanager: getTransport: Cannot find entry android.hardware.graphics.allocator@3.0::IAllocator/default in either framework or device manifest.
04-21 18:18:26.887   491  1870 W Gralloc3: allocator 3.x is not supported
04-21 18:18:26.893   491  1870 I Gralloc2: Adding additional valid usage bits: 0x2002000
04-21 18:18:26.930   491   491 I GrallocUploadTh: type=1400 audit(0.0:402): avc: denied { execmem } for scontext=u:r:system_server:s0 tcontext=u:r:system_server:s0 tclass=process permissive=1
04-21 18:18:27.051   491  1301 D WificondControl: Scan result ready event
04-21 18:18:27.063  1289  1289 I wpa_supplicant: wlan0: GAS-QUERY-START addr=f2:01:f7:9d:fb:f9 dialog_token=3 freq=2437
04-21 18:18:27.064   491  1174 D HS20    : ANQP initiated on f2:01:f7:9d:fb:f9
04-21 18:18:27.064   491  1174 D PasspointManager: ANQP entry not found for: f2:01:f7:9d:fb:f9:<motoedge50fusion_5380>
04-21 18:18:27.278  2404  2404 D StrictMode: StrictMode policy violation; ~duration=3 ms: android.os.strictmode.ResourceMismatchViolation: TypedValue{t=0x3/d=0x8 "1f" a=-1}
04-21 18:18:27.278  2404  2404 D StrictMode: 	at android.os.StrictMode$AndroidBlockGuardPolicy.onResourceMismatch(StrictMode.java:1534)
04-21 18:18:27.278  2404  2404 D StrictMode: 	at android.os.StrictMode.noteResourceMismatch(StrictMode.java:2488)
04-21 18:18:27.278  2404  2404 D StrictMode: 	at android.content.res.TypedArray.getFloat(TypedArray.java:474)
04-21 18:18:27.278  2404  2404 D StrictMode: 	at android.animation.AnimatorInflater.loadKeyframe(AnimatorInflater.java:983)
04-21 18:18:27.278  2404  2404 D StrictMode: 	at android.animation.AnimatorInflater.loadPvh(AnimatorInflater.java:845)
04-21 18:18:27.278  2404  2404 D StrictMode: 	at android.animation.AnimatorInflater.loadValues(AnimatorInflater.java:742)
04-21 18:18:27.278  2404  2404 D StrictMode: 	at android.animation.AnimatorInflater.createAnimatorFromXml(AnimatorInflater.java:684)
04-21 18:18:27.278  2404  2404 D StrictMode: 	at android.animation.AnimatorInflater.createAnimatorFromXml(AnimatorInflater.java:642)
04-21 18:18:27.278  2404  2404 D StrictMode: 	at android.animation.AnimatorInflater.loadAnimator(AnimatorInflater.java:126)
04-21 18:18:27.278  2404  2404 D StrictMode: 	at android.animation.AnimatorInflater.loadAnimator(AnimatorInflater.java:106)
04-21 18:18:27.278  2404  2404 D StrictMode: 	at android.animation.AnimatorInflater.loadAnimator(AnimatorInflater.java:91)
04-21 18:18:27.278  2404  2404 D StrictMode: 	at com.android.launcher3.allapps.DiscoveryBounce.<init>(DiscoveryBounce.java:74)
04-21 18:18:27.278  2404  2404 D StrictMode: 	at com.android.launcher3.allapps.DiscoveryBounce.showForOverviewIfNeeded(DiscoveryBounce.java:191)
04-21 18:18:27.278  2404  2404 D StrictMode: 	at com.android.launcher3.allapps.DiscoveryBounce.lambda$showForOverviewIfNeeded$1(DiscoveryBounce.java:182)
04-21 18:18:27.278  2404  2404 D StrictMode: 	at com.android.launcher3.allapps.-$$Lambda$DiscoveryBounce$nH_kGUpN9-eIXSNWizqgojM7CJQ.run(Unknown Source:2)
04-21 18:18:27.278  2404  2404 D StrictMode: 	at android.os.Handler.handleCallback(Handler.java:883)
04-21 18:18:27.278  2404  2404 D StrictMode: 	at android.os.Handler.dispatchMessage(Handler.java:100)
04-21 18:18:27.278  2404  2404 D StrictMode: 	at android.os.Looper.loop(Looper.java:214)
04-21 18:18:27.278  2404  2404 D StrictMode: 	at android.app.ActivityThread.main(ActivityThread.java:7356)
04-21 18:18:27.278  2404  2404 D StrictMode: 	at java.lang.reflect.Method.invoke(Native Method)
04-21 18:18:27.278  2404  2404 D StrictMode: 	at com.android.internal.os.RuntimeInit$MethodAndArgsCaller.run(RuntimeInit.java:491)
04-21 18:18:27.278  2404  2404 D StrictMode: 	at com.android.internal.os.ZygoteInit.main(ZygoteInit.java:940)
04-21 18:18:26.814   491   511 D AutofillManagerService: Close system dialogs
04-21 18:18:27.283   491   513 I DropBoxManagerService: add tag=system_app_strictmode isTagEnabled=true flags=0x2
04-21 18:18:27.284  2404  2404 D StrictMode: StrictMode policy violation; ~duration=2 ms: android.os.strictmode.ResourceMismatchViolation: TypedValue{t=0x3/d=0x8 "1f" a=-1}
04-21 18:18:27.284  2404  2404 D StrictMode: 	at android.os.StrictMode$AndroidBlockGuardPolicy.onResourceMismatch(StrictMode.java:1534)
04-21 18:18:27.284  2404  2404 D StrictMode: 	at android.os.StrictMode.noteResourceMismatch(StrictMode.java:2488)
04-21 18:18:27.284  2404  2404 D StrictMode: 	at android.content.res.TypedArray.getFloat(TypedArray.java:474)
04-21 18:18:27.284  2404  2404 D StrictMode: 	at android.animation.AnimatorInflater.loadKeyframe(AnimatorInflater.java:983)
04-21 18:18:27.284  2404  2404 D StrictMode: 	at android.animation.AnimatorInflater.loadPvh(AnimatorInflater.java:845)
04-21 18:18:27.284  2404  2404 D StrictMode: 	at android.animation.AnimatorInflater.loadValues(AnimatorInflater.java:742)
04-21 18:18:27.284  2404  2404 D StrictMode: 	at android.animation.AnimatorInflater.createAnimatorFromXml(AnimatorInflater.java:684)
04-21 18:18:27.284  2404  2404 D StrictMode: 	at android.animation.AnimatorInflater.createAnimatorFromXml(AnimatorInflater.java:642)
04-21 18:18:27.284  2404  2404 D StrictMode: 	at android.animation.AnimatorInflater.loadAnimator(AnimatorInflater.java:126)
04-21 18:18:27.284  2404  2404 D StrictMode: 	at android.animation.AnimatorInflater.loadAnimator(AnimatorInflater.java:106)
04-21 18:18:27.284  2404  2404 D StrictMode: 	at android.animation.AnimatorInflater.loadAnimator(AnimatorInflater.java:91)
04-21 18:18:27.284  2404  2404 D StrictMode: 	at com.android.launcher3.allapps.DiscoveryBounce.<init>(DiscoveryBounce.java:74)
04-21 18:18:27.284  2404  2404 D StrictMode: 	at com.android.launcher3.allapps.DiscoveryBounce.showForOverviewIfNeeded(DiscoveryBounce.java:191)
04-21 18:18:27.284  2404  2404 D StrictMode: 	at com.android.launcher3.allapps.DiscoveryBounce.lambda$showForOverviewIfNeeded$1(DiscoveryBounce.java:182)
04-21 18:18:27.284  2404  2404 D StrictMode: 	at com.android.launcher3.allapps.-$$Lambda$DiscoveryBounce$nH_kGUpN9-eIXSNWizqgojM7CJQ.run(Unknown Source:2)
04-21 18:18:27.284  2404  2404 D StrictMode: 	at android.os.Handler.handleCallback(Handler.java:883)
04-21 18:18:27.284  2404  2404 D StrictMode: 	at android.os.Handler.dispatchMessage(Handler.java:100)
04-21 18:18:27.284  2404  2404 D StrictMode: 	at android.os.Looper.loop(Looper.java:214)
04-21 18:18:27.284  2404  2404 D StrictMode: 	at android.app.ActivityThread.main(ActivityThread.java:7356)
04-21 18:18:27.284  2404  2404 D StrictMode: 	at java.lang.reflect.Method.invoke(Native Method)
04-21 18:18:27.284  2404  2404 D StrictMode: 	at com.android.internal.os.RuntimeInit$MethodAndArgsCaller.run(RuntimeInit.java:491)
04-21 18:18:27.284  2404  2404 D StrictMode: 	at com.android.internal.os.ZygoteInit.main(ZygoteInit.java:940)
04-21 18:18:27.289  2404  2404 D StrictMode: StrictMode policy violation; ~duration=2 ms: android.os.strictmode.ResourceMismatchViolation: TypedValue{t=0x3/d=0x7 "0.9738f" a=-1}
04-21 18:18:27.289  2404  2404 D StrictMode: 	at android.os.StrictMode$AndroidBlockGuardPolicy.onResourceMismatch(StrictMode.java:1534)
04-21 18:18:27.289  2404  2404 D StrictMode: 	at android.os.StrictMode.noteResourceMismatch(StrictMode.java:2488)
04-21 18:18:27.289  2404  2404 D StrictMode: 	at android.content.res.TypedArray.getFloat(TypedArray.java:474)
04-21 18:18:27.289  2404  2404 D StrictMode: 	at android.animation.AnimatorInflater.loadKeyframe(AnimatorInflater.java:983)
04-21 18:18:27.289  2404  2404 D StrictMode: 	at android.animation.AnimatorInflater.loadPvh(AnimatorInflater.java:845)
04-21 18:18:27.289  2404  2404 D StrictMode: 	at android.animation.AnimatorInflater.loadValues(AnimatorInflater.java:742)
04-21 18:18:27.289  2404  2404 D StrictMode: 	at android.animation.AnimatorInflater.createAnimatorFromXml(AnimatorInflater.java:684)
04-21 18:18:27.289  2404  2404 D StrictMode: 	at android.animation.AnimatorInflater.createAnimatorFromXml(AnimatorInflater.java:642)
04-21 18:18:27.289  2404  2404 D StrictMode: 	at android.animation.AnimatorInflater.loadAnimator(AnimatorInflater.java:126)
04-21 18:18:27.289  2404  2404 D StrictMode: 	at android.animation.AnimatorInflater.loadAnimator(AnimatorInflater.java:106)
04-21 18:18:27.289  2404  2404 D StrictMode: 	at android.animation.AnimatorInflater.loadAnimator(AnimatorInflater.java:91)
04-21 18:18:27.289  2404  2404 D StrictMode: 	at com.android.launcher3.allapps.DiscoveryBounce.<init>(DiscoveryBounce.java:74)
04-21 18:18:27.289  2404  2404 D StrictMode: 	at com.android.launcher3.allapps.DiscoveryBounce.showForOverviewIfNeeded(DiscoveryBounce.java:191)
04-21 18:18:27.289  2404  2404 D StrictMode: 	at com.android.launcher3.allapps.DiscoveryBounce.lambda$showForOverviewIfNeeded$1(DiscoveryBounce.java:182)
04-21 18:18:27.289  2404  2404 D StrictMode: 	at com.android.launcher3.allapps.-$$Lambda$DiscoveryBounce$nH_kGUpN9-eIXSNWizqgojM7CJQ.run(Unknown Source:2)
04-21 18:18:27.289  2404  2404 D StrictMode: 	at android.os.Handler.handleCallback(Handler.java:883)
04-21 18:18:27.289  2404  2404 D StrictMode: 	at android.os.Handler.dispatchMessage(Handler.java:100)
04-21 18:18:27.289  2404  2404 D StrictMode: 	at android.os.Looper.loop(Looper.java:214)
04-21 18:18:27.289  2404  2404 D StrictMode: 	at android.app.ActivityThread.main(ActivityThread.java:7356)
04-21 18:18:27.289  2404  2404 D StrictMode: 	at java.lang.reflect.Method.invoke(Native Method)
04-21 18:18:27.289  2404  2404 D StrictMode: 	at com.android.internal.os.RuntimeInit$MethodAndArgsCaller.run(RuntimeInit.java:491)
04-21 18:18:27.289  2404  2404 D StrictMode: 	at com.android.internal.os.ZygoteInit.main(ZygoteInit.java:940)
04-21 18:18:27.293  2404  2404 D StrictMode: StrictMode policy violation; ~duration=2 ms: android.os.strictmode.ResourceMismatchViolation: TypedValue{t=0x3/d=0x8 "1f" a=-1}
04-21 18:18:27.293  2404  2404 D StrictMode: 	at android.os.StrictMode$AndroidBlockGuardPolicy.onResourceMismatch(StrictMode.java:1534)
04-21 18:18:27.293  2404  2404 D StrictMode: 	at android.os.StrictMode.noteResourceMismatch(StrictMode.java:2488)
04-21 18:18:27.293  2404  2404 D StrictMode: 	at android.content.res.TypedArray.getFloat(TypedArray.java:474)
04-21 18:18:27.293  2404  2404 D StrictMode: 	at android.animation.AnimatorInflater.loadKeyframe(AnimatorInflater.java:983)
04-21 18:18:27.293  2404  2404 D StrictMode: 	at android.animation.AnimatorInflater.loadPvh(AnimatorInflater.java:845)
04-21 18:18:27.293  2404  2404 D StrictMode: 	at android.animation.AnimatorInflater.loadValues(AnimatorInflater.java:742)
04-21 18:18:27.293  2404  2404 D StrictMode: 	at android.animation.AnimatorInflater.createAnimatorFromXml(AnimatorInflater.java:684)
04-21 18:18:27.293  2404  2404 D StrictMode: 	at android.animation.AnimatorInflater.createAnimatorFromXml(AnimatorInflater.java:642)
04-21 18:18:27.293  2404  2404 D StrictMode: 	at android.animation.AnimatorInflater.loadAnimator(AnimatorInflater.java:126)
04-21 18:18:27.293  2404  2404 D StrictMode: 	at android.animation.AnimatorInflater.loadAnimator(AnimatorInflater.java:106)
04-21 18:18:27.293  2404  2404 D StrictMode: 	at android.animation.AnimatorInflater.loadAnimator(AnimatorInflater.java:91)
04-21 18:18:27.293  2404  2404 D StrictMode: 	at com.android.launcher3.allapps.DiscoveryBounce.<init>(DiscoveryBounce.java:74)
04-21 18:18:27.293  2404  2404 D StrictMode: 	at com.android.launcher3.allapps.DiscoveryBounce.showForOverviewIfNeeded(DiscoveryBounce.java:191)
04-21 18:18:27.293  2404  2404 D StrictMode: 	at com.android.launcher3.allapps.DiscoveryBounce.lambda$showForOverviewIfNeeded$1(DiscoveryBounce.java:182)
04-21 18:18:27.293  2404  2404 D StrictMode: 	at com.android.launcher3.allapps.-$$Lambda$DiscoveryBounce$nH_kGUpN9-eIXSNWizqgojM7CJQ.run(Unknown Source:2)
04-21 18:18:27.293  2404  2404 D StrictMode: 	at android.os.Handler.handleCallback(Handler.java:883)
04-21 18:18:27.293  2404  2404 D StrictMode: 	at android.os.Handler.dispatchMessage(Handler.java:100)
04-21 18:18:27.293  2404  2404 D StrictMode: 	at android.os.Looper.loop(Looper.java:214)
04-21 18:18:27.293  2404  2404 D StrictMode: 	at android.app.ActivityThread.main(ActivityThread.java:7356)
04-21 18:18:27.293  2404  2404 D StrictMode: 	at java.lang.reflect.Method.invoke(Native Method)
04-21 18:18:27.293  2404  2404 D StrictMode: 	at com.android.internal.os.RuntimeInit$MethodAndArgsCaller.run(RuntimeInit.java:491)
04-21 18:18:27.293  2404  2404 D StrictMode: 	at com.android.internal.os.ZygoteInit.main(ZygoteInit.java:940)
04-21 18:18:27.296  2404  2404 D StrictMode: StrictMode policy violation; ~duration=1 ms: android.os.strictmode.ResourceMismatchViolation: TypedValue{t=0x3/d=0x8 "1f" a=-1}
04-21 18:18:27.296  2404  2404 D StrictMode: 	at android.os.StrictMode$AndroidBlockGuardPolicy.onResourceMismatch(StrictMode.java:1534)
04-21 18:18:27.296  2404  2404 D StrictMode: 	at android.os.StrictMode.noteResourceMismatch(StrictMode.java:2488)
04-21 18:18:27.296  2404  2404 D StrictMode: 	at android.content.res.TypedArray.getFloat(TypedArray.java:474)
04-21 18:18:27.296  2404  2404 D StrictMode: 	at android.animation.AnimatorInflater.loadKeyframe(AnimatorInflater.java:983)
04-21 18:18:27.296  2404  2404 D StrictMode: 	at android.animation.AnimatorInflater.loadPvh(AnimatorInflater.java:845)
04-21 18:18:27.296  2404  2404 D StrictMode: 	at android.animation.AnimatorInflater.loadValues(AnimatorInflater.java:742)
04-21 18:18:27.296  2404  2404 D StrictMode: 	at android.animation.AnimatorInflater.createAnimatorFromXml(AnimatorInflater.java:684)
04-21 18:18:27.296  2404  2404 D StrictMode: 	at android.animation.AnimatorInflater.createAnimatorFromXml(AnimatorInflater.java:642)
04-21 18:18:27.296  2404  2404 D StrictMode: 	at android.animation.AnimatorInflater.loadAnimator(AnimatorInflater.java:126)
04-21 18:18:27.296  2404  2404 D StrictMode: 	at android.animation.AnimatorInflater.loadAnimator(AnimatorInflater.java:106)
04-21 18:18:27.296  2404  2404 D StrictMode: 	at android.animation.AnimatorInflater.loadAnimator(AnimatorInflater.java:91)
04-21 18:18:27.296  2404  2404 D StrictMode: 	at com.android.launcher3.allapps.DiscoveryBounce.<init>(DiscoveryBounce.java:74)
04-21 18:18:27.296  2404  2404 D StrictMode: 	at com.android.launcher3.allapps.DiscoveryBounce.showForOverviewIfNeeded(DiscoveryBounce.java:191)
04-21 18:18:27.296  2404  2404 D StrictMode: 	at com.android.launcher3.allapps.DiscoveryBounce.lambda$showForOverviewIfNeeded$1(DiscoveryBounce.java:182)
04-21 18:18:27.296  2404  2404 D StrictMode: 	at com.android.launcher3.allapps.-$$Lambda$DiscoveryBounce$nH_kGUpN9-eIXSNWizqgojM7CJQ.run(Unknown Source:2)
04-21 18:18:27.296  2404  2404 D StrictMode: 	at android.os.Handler.handleCallback(Handler.java:883)
04-21 18:18:27.296  2404  2404 D StrictMode: 	at android.os.Handler.dispatchMessage(Handler.java:100)
04-21 18:18:27.296  2404  2404 D StrictMode: 	at android.os.Looper.loop(Looper.java:214)
04-21 18:18:27.296  2404  2404 D StrictMode: 	at android.app.ActivityThread.main(ActivityThread.java:7356)
04-21 18:18:27.296  2404  2404 D StrictMode: 	at java.lang.reflect.Method.invoke(Native Method)
04-21 18:18:27.296  2404  2404 D StrictMode: 	at com.android.internal.os.RuntimeInit$MethodAndArgsCaller.run(RuntimeInit.java:491)
04-21 18:18:27.296  2404  2404 D StrictMode: 	at com.android.internal.os.ZygoteInit.main(ZygoteInit.java:940)
04-21 18:18:27.815  1289  1289 I wpa_supplicant: wlan0: GAS-QUERY-DONE addr=f2:01:f7:9d:fb:f9 dialog_token=3 freq=2437 status_code=0 result=TIMEOUT
04-21 18:18:27.816  1289  1289 I wpa_supplicant: wlan0: ANQP-QUERY-DONE addr=f2:01:f7:9d:fb:f9 result=FAILURE
04-21 18:18:27.296   491   513 I chatty  : uid=1000(system) android.io identical 3 lines
04-21 18:18:27.301   491   513 I DropBoxManagerService: add tag=system_app_strictmode isTagEnabled=true flags=0x2
04-21 18:18:28.521   491   514 I ActivityManager: Killing 1520:com.android.settings/1000 (adj 900): remove task
04-21 18:18:28.525   491  1735 E TaskPersister: File error accessing recents directory (directory doesn't exist?).
04-21 18:18:28.564   491   514 W ActivityManager: setHasOverlayUi called on unknown pid: 1520
04-21 18:18:28.577   220   220 I Zygote  : Process 1520 exited due to signal 9 (Killed)
04-21 18:18:28.611   491   522 I libprocessgroup: Successfully killed process cgroup uid 1000 pid 1520 in 89ms
04-21 18:18:31.970   228   228 I health@2.0-serv: type=1400 audit(0.0:403): avc: denied { call } for scontext=u:r:init:s0 tcontext=u:r:storaged:s0 tclass=binder permissive=1
04-21 18:18:32.082   491  1387 D LightsService: Excessive delay setting light
04-21 18:18:32.083   491   491 W Looper  : Slow dispatch took 108ms main h=android.app.ActivityThread$H c=android.app.-$$Lambda$LoadedApk$ReceiverDispatcher$Args$_BumDX2UKsnxLVrE6UJsJZkotuA@4fb5145 m=0
